"學年度","學校代碼","學校名稱","等級","僑居地","在學學生人數_男","在學學生人數_女","新生","舊生","上學年度畢業生人數_男","上學年度畢業生人數_女"
112,0001,國立政治大學,博士,馬來西亞,6,3,1,8,0,0
112,0001,國立政治大學,博士,新加坡,0,1,0,1,0,0
112,0001,國立政治大學,碩士,緬甸,1,2,1,2,0,1
112,0001,國立政治大學,碩士,印尼,0,3,1,2,1,0
112,0001,國立政治大學,碩士,日本,1,0,0,1,0,0
112,0001,國立政治大學,碩士,馬來西亞,14,33,12,35,6,7
112,0001,國立政治大學,碩士,菲律賓,1,1,1,1,0,0
112,0001,國立政治大學,碩士,泰國,0,4,0,4,0,0
112,0001,國立政治大學,碩士,越南,2,0,1,1,0,0
112,0001,國立政治大學,碩士,加拿大,0,1,0,1,2,0
112,0001,國立政治大學,碩士,多明尼加,0,1,0,1,0,0
112,0001,國立政治大學,碩士,貝里斯,0,0,0,0,1,0
112,0001,國立政治大學,碩士,美國,3,0,1,2,0,1
112,0001,國立政治大學,碩士,巴西,0,0,0,0,0,1
112,0001,國立政治大學,碩士,巴拉圭,1,0,0,1,0,0
112,0001,國立政治大學,學士,緬甸,4,20,16,8,0,1
112,0001,國立政治大學,學士,印尼,13,40,16,37,0,14
112,0001,國立政治大學,學士,日本,4,9,3,10,1,1
112,0001,國立政治大學,學士,南韓,2,5,2,5,0,1
112,0001,國立政治大學,學士,馬來西亞,74,145,50,169,12,37
112,0001,國立政治大學,學士,菲律賓,0,2,0,2,0,0
112,0001,國立政治大學,學士,新加坡,0,3,1,2,0,0
112,0001,國立政治大學,學士,泰國,2,10,3,9,0,0
112,0001,國立政治大學,學士,越南,12,13,5,20,2,4
112,0001,國立政治大學,學士,南非,0,1,1,0,0,0
112,0001,國立政治大學,學士,尼加拉瓜,0,0,0,0,1,0
112,0001,國立政治大學,學士,美國,1,2,1,2,0,0
112,0001,國立政治大學,學士,阿根廷,0,2,0,2,1,0
112,0001,國立政治大學,學士,玻利維亞,1,0,1,0,0,0
112,0001,國立政治大學,學士,智利,0,1,0,1,0,1
112,0002,國立清華大學,博士,馬來西亞,9,1,4,6,1,1
112,0002,國立清華大學,博士,泰國,0,1,0,1,0,0
112,0002,國立清華大學,碩士,緬甸,1,3,0,4,1,0
112,0002,國立清華大學,碩士,印尼,4,2,2,4,1,0
112,0002,國立清華大學,碩士,日本,1,1,1,1,0,0
112,0002,國立清華大學,碩士,馬來西亞,22,29,13,38,10,3
112,0002,國立清華大學,碩士,菲律賓,1,0,0,1,0,0
112,0002,國立清華大學,碩士,泰國,0,3,1,2,0,0
112,0002,國立清華大學,碩士,葡萄牙,1,0,1,0,0,0
112,0002,國立清華大學,碩士,美國,1,0,0,1,0,0
112,0002,國立清華大學,碩士,玻利維亞,0,1,0,1,0,0
112,0002,國立清華大學,學士,緬甸,10,11,11,10,0,0
112,0002,國立清華大學,學士,印度,0,0,0,0,0,1
112,0002,國立清華大學,學士,印尼,66,51,34,83,3,5
112,0002,國立清華大學,學士,日本,10,5,3,12,1,1
112,0002,國立清華大學,學士,約旦,0,1,0,1,0,0
112,0002,國立清華大學,學士,南韓,3,4,2,5,0,0
112,0002,國立清華大學,學士,馬來西亞,78,77,36,119,12,19
112,0002,國立清華大學,學士,菲律賓,1,3,1,3,0,1
112,0002,國立清華大學,學士,泰國,4,5,1,8,0,3
112,0002,國立清華大學,學士,越南,5,4,3,6,1,1
112,0002,國立清華大學,學士,南非,3,0,1,2,0,0
112,0002,國立清華大學,學士,挪威,0,1,0,1,0,0
112,0002,國立清華大學,學士,西班牙,0,1,0,1,0,1
112,0002,國立清華大學,學士,加拿大,3,3,1,5,0,0
112,0002,國立清華大學,學士,多明尼加,1,0,0,1,0,0
112,0002,國立清華大學,學士,墨西哥,0,1,1,0,0,0
112,0002,國立清華大學,學士,美國,1,0,0,1,0,0
112,0002,國立清華大學,學士,阿根廷,3,0,1,2,1,0
112,0002,國立清華大學,學士,巴西,0,1,1,0,0,0
112,0002,國立清華大學,學士,哥倫比亞,1,0,0,1,0,0
112,0002,國立清華大學,學士,巴拉圭,1,0,0,1,0,0
112,0002,國立清華大學,學士,秘魯,1,0,0,1,0,0
112,0003,國立臺灣大學,博士,印尼,1,2,1,2,0,0
112,0003,國立臺灣大學,博士,南韓,1,0,0,1,0,0
112,0003,國立臺灣大學,博士,馬來西亞,16,11,7,20,1,1
112,0003,國立臺灣大學,博士,菲律賓,0,1,0,1,0,0
112,0003,國立臺灣大學,博士,南非,1,0,0,1,0,0
112,0003,國立臺灣大學,博士,加拿大,4,0,0,4,0,0
112,0003,國立臺灣大學,博士,美國,1,0,1,0,0,0
112,0003,國立臺灣大學,碩士,緬甸,1,0,1,0,1,0
112,0003,國立臺灣大學,碩士,印尼,24,14,17,21,1,6
112,0003,國立臺灣大學,碩士,日本,1,3,0,4,1,0
112,0003,國立臺灣大學,碩士,南韓,4,1,1,4,0,0
112,0003,國立臺灣大學,碩士,馬來西亞,64,50,38,76,29,22
112,0003,國立臺灣大學,碩士,菲律賓,0,0,0,0,1,1
112,0003,國立臺灣大學,碩士,泰國,1,2,2,1,0,0
112,0003,國立臺灣大學,碩士,越南,3,3,1,5,0,2
112,0003,國立臺灣大學,碩士,澳大利亞,0,0,0,0,0,1
112,0003,國立臺灣大學,碩士,紐西蘭,0,1,1,0,0,0
112,0003,國立臺灣大學,碩士,葡萄牙,0,1,1,0,0,0
112,0003,國立臺灣大學,碩士,西班牙,0,0,0,0,0,1
112,0003,國立臺灣大學,碩士,英國,0,1,0,1,0,0
112,0003,國立臺灣大學,碩士,加拿大,3,0,0,3,2,1
112,0003,國立臺灣大學,碩士,貝里斯,0,1,0,1,0,0
112,0003,國立臺灣大學,碩士,美國,2,2,1,3,1,1
112,0003,國立臺灣大學,碩士,智利,1,0,0,1,0,0
112,0003,國立臺灣大學,學士,緬甸,18,34,24,28,1,2
112,0003,國立臺灣大學,學士,印尼,77,117,35,159,22,26
112,0003,國立臺灣大學,學士,日本,14,17,7,24,3,4
112,0003,國立臺灣大學,學士,約旦,0,1,0,1,0,0
112,0003,國立臺灣大學,學士,南韓,6,5,3,8,0,1
112,0003,國立臺灣大學,學士,寮國,0,0,0,0,0,1
112,0003,國立臺灣大學,學士,黎巴嫩,0,1,0,1,0,0
112,0003,國立臺灣大學,學士,馬來西亞,221,237,109,349,47,49
112,0003,國立臺灣大學,學士,菲律賓,3,6,0,9,1,1
112,0003,國立臺灣大學,學士,新加坡,1,4,1,4,0,0
112,0003,國立臺灣大學,學士,泰國,17,24,6,35,2,3
112,0003,國立臺灣大學,學士,越南,17,34,17,34,3,2
112,0003,國立臺灣大學,學士,汶萊,0,1,0,1,0,1
112,0003,國立臺灣大學,學士,帛琉,0,1,0,1,0,0
112,0003,國立臺灣大學,學士,南非,1,1,0,2,0,0
112,0003,國立臺灣大學,學士,比利時,0,1,0,1,0,0
112,0003,國立臺灣大學,學士,法國,0,1,1,0,0,1
112,0003,國立臺灣大學,學士,匈牙利,0,1,0,1,0,0
112,0003,國立臺灣大學,學士,英國,0,1,1,0,0,0
112,0003,國立臺灣大學,學士,德國,1,0,1,0,0,0
112,0003,國立臺灣大學,學士,加拿大,7,6,1,12,0,1
112,0003,國立臺灣大學,學士,多明尼加,0,1,1,0,0,0
112,0003,國立臺灣大學,學士,宏都拉斯,1,0,1,0,0,0
112,0003,國立臺灣大學,學士,墨西哥,0,3,1,2,0,1
112,0003,國立臺灣大學,學士,巴拿馬,1,0,0,1,0,0
112,0003,國立臺灣大學,學士,美國,11,9,3,17,2,0
112,0003,國立臺灣大學,學士,阿根廷,2,1,1,2,0,0
112,0003,國立臺灣大學,學士,巴西,2,5,1,6,0,1
112,0003,國立臺灣大學,學士,智利,0,1,0,1,0,1
112,0003,國立臺灣大學,學士,巴拉圭,2,2,0,4,0,0
112,0004,國立臺灣師範大學,博士,馬來西亞,2,3,0,5,0,0
112,0004,國立臺灣師範大學,博士,南非,1,1,0,2,0,0
112,0004,國立臺灣師範大學,博士,巴西,0,1,0,1,0,0
112,0004,國立臺灣師範大學,碩士,緬甸,0,4,2,2,0,1
112,0004,國立臺灣師範大學,碩士,印尼,3,6,4,5,0,1
112,0004,國立臺灣師範大學,碩士,日本,0,1,0,1,0,0
112,0004,國立臺灣師範大學,碩士,南韓,0,2,0,2,0,0
112,0004,國立臺灣師範大學,碩士,馬來西亞,25,43,17,51,1,11
112,0004,國立臺灣師範大學,碩士,菲律賓,0,1,0,1,0,0
112,0004,國立臺灣師範大學,碩士,泰國,1,1,0,2,0,0
112,0004,國立臺灣師範大學,碩士,越南,3,2,1,4,0,0
112,0004,國立臺灣師範大學,碩士,加拿大,0,3,0,3,1,0
112,0004,國立臺灣師範大學,碩士,美國,0,1,0,1,0,0
112,0004,國立臺灣師範大學,碩士,阿根廷,0,1,1,0,0,0
112,0004,國立臺灣師範大學,學士,緬甸,32,92,59,65,1,13
112,0004,國立臺灣師範大學,學士,印尼,27,62,26,63,1,6
112,0004,國立臺灣師範大學,學士,伊朗,1,0,0,1,0,0
112,0004,國立臺灣師範大學,學士,日本,1,14,2,13,1,1
112,0004,國立臺灣師範大學,學士,南韓,3,4,3,4,0,0
112,0004,國立臺灣師範大學,學士,馬來西亞,66,118,44,140,11,29
112,0004,國立臺灣師範大學,學士,菲律賓,1,0,0,1,0,1
112,0004,國立臺灣師範大學,學士,沙烏地阿拉伯,0,2,1,1,0,0
112,0004,國立臺灣師範大學,學士,新加坡,0,0,0,0,0,1
112,0004,國立臺灣師範大學,學士,泰國,0,10,3,7,1,2
112,0004,國立臺灣師範大學,學士,越南,6,16,4,18,0,5
112,0004,國立臺灣師範大學,學士,加拿大,1,0,1,0,0,0
112,0004,國立臺灣師範大學,學士,哥斯大黎加,0,1,1,0,0,0
112,0004,國立臺灣師範大學,學士,美國,1,4,0,5,0,0
112,0004,國立臺灣師範大學,學士,阿根廷,1,2,1,2,0,0
112,0004,國立臺灣師範大學,學士,巴拉圭,0,1,0,1,0,0
112,0004A,國立臺灣師大僑生先修部,先修,緬甸,249,362,611,0,0,0
112,0004A,國立臺灣師大僑生先修部,先修,柬埔寨,0,0,0,0,0,0
112,0004A,國立臺灣師大僑生先修部,先修,印尼,63,64,127,0,0,0
112,0004A,國立臺灣師大僑生先修部,先修,日本,5,3,8,0,0,0
112,0004A,國立臺灣師大僑生先修部,先修,南韓,0,0,0,0,0,0
112,0004A,國立臺灣師大僑生先修部,先修,馬來西亞,64,30,94,0,0,0
112,0004A,國立臺灣師大僑生先修部,先修,菲律賓,0,5,5,0,0,0
112,0004A,國立臺灣師大僑生先修部,先修,新加坡,0,0,0,0,0,0
112,0004A,國立臺灣師大僑生先修部,先修,泰國,0,1,1,0,0,0
112,0004A,國立臺灣師大僑生先修部,先修,越南,35,36,71,0,0,0
112,0004A,國立臺灣師大僑生先修部,先修,南非,1,1,2,0,0,0
112,0004A,國立臺灣師大僑生先修部,先修,加拿大,0,0,0,0,0,0
112,0004A,國立臺灣師大僑生先修部,先修,美國,0,0,0,0,0,0
112,0004A,國立臺灣師大僑生先修部,先修,巴西,0,2,2,0,0,0
112,0004A,國立臺灣師大僑生先修部,先修,厄瓜多,0,1,1,0,0,0
112,0005,國立成功大學,博士,馬來西亞,8,2,2,8,0,0
112,0005,國立成功大學,博士,澳大利亞,0,1,0,1,0,0
112,0005,國立成功大學,博士,法國,1,0,0,1,0,0
112,0005,國立成功大學,碩士,印尼,9,5,7,7,1,0
112,0005,國立成功大學,碩士,日本,1,0,0,1,0,0
112,0005,國立成功大學,碩士,南韓,2,0,2,0,0,0
112,0005,國立成功大學,碩士,馬來西亞,32,40,29,43,12,7
112,0005,國立成功大學,碩士,泰國,2,1,1,2,0,0
112,0005,國立成功大學,碩士,越南,1,1,0,2,0,0
112,0005,國立成功大學,碩士,澳大利亞,1,0,1,0,0,0
112,0005,國立成功大學,碩士,南非,1,0,0,1,1,0
112,0005,國立成功大學,碩士,加拿大,1,0,0,1,0,0
112,0005,國立成功大學,碩士,美國,2,0,0,2,1,0
112,0005,國立成功大學,碩士,厄瓜多,0,0,0,0,1,0
112,0005,國立成功大學,學士,緬甸,6,17,14,9,1,1
112,0005,國立成功大學,學士,印尼,80,56,38,98,10,13
112,0005,國立成功大學,學士,日本,6,6,2,10,0,1
112,0005,國立成功大學,學士,約旦,0,1,1,0,0,0
112,0005,國立成功大學,學士,南韓,2,1,1,2,0,0
112,0005,國立成功大學,學士,馬來西亞,203,117,68,252,29,31
112,0005,國立成功大學,學士,菲律賓,1,0,0,1,0,0
112,0005,國立成功大學,學士,新加坡,2,1,0,3,0,0
112,0005,國立成功大學,學士,泰國,7,9,1,15,1,0
112,0005,國立成功大學,學士,越南,11,5,7,9,0,0
112,0005,國立成功大學,學士,斐濟,1,0,1,0,0,0
112,0005,國立成功大學,學士,紐西蘭,0,0,0,0,1,0
112,0005,國立成功大學,學士,南非,0,2,2,0,0,1
112,0005,國立成功大學,學士,葡萄牙,0,1,0,1,0,0
112,0005,國立成功大學,學士,西班牙,1,1,0,2,0,0
112,0005,國立成功大學,學士,英國,0,1,0,1,0,0
112,0005,國立成功大學,學士,德國,1,0,1,0,0,0
112,0005,國立成功大學,學士,加拿大,3,2,0,5,0,0
112,0005,國立成功大學,學士,薩爾瓦多,0,1,0,1,0,0
112,0005,國立成功大學,學士,美國,2,2,1,3,1,0
112,0005,國立成功大學,學士,阿根廷,1,1,1,1,0,0
112,0005,國立成功大學,學士,巴西,4,1,3,2,0,0
112,0005,國立成功大學,學士,巴拉圭,2,1,1,2,0,1
112,0006,國立中興大學,博士,馬來西亞,5,0,2,3,0,2
112,0006,國立中興大學,碩士,印尼,0,1,0,1,1,0
112,0006,國立中興大學,碩士,日本,0,1,0,1,0,0
112,0006,國立中興大學,碩士,馬來西亞,14,5,4,15,5,4
112,0006,國立中興大學,碩士,越南,2,0,2,0,0,0
112,0006,國立中興大學,碩士,荷蘭,0,0,0,0,1,0
112,0006,國立中興大學,碩士,加拿大,0,1,1,0,0,0
112,0006,國立中興大學,學士,緬甸,2,2,3,1,0,1
112,0006,國立中興大學,學士,印尼,31,45,22,54,8,10
112,0006,國立中興大學,學士,日本,1,0,0,1,1,0
112,0006,國立中興大學,學士,南韓,1,1,1,1,0,0
112,0006,國立中興大學,學士,馬來西亞,41,60,16,85,12,7
112,0006,國立中興大學,學士,新加坡,1,1,0,2,0,0
112,0006,國立中興大學,學士,越南,2,4,1,5,2,1
112,0006,國立中興大學,學士,南非,2,0,0,2,0,0
112,0006,國立中興大學,學士,加拿大,1,0,0,1,0,0
112,0006,國立中興大學,學士,多明尼加,0,1,0,1,0,0
112,0006,國立中興大學,學士,智利,0,0,0,0,1,0
112,0007,國立陽明交通大學,博士,緬甸,0,1,1,0,0,0
112,0007,國立陽明交通大學,博士,馬來西亞,6,5,2,9,3,1
112,0007,國立陽明交通大學,博士,新加坡,0,1,0,1,0,0
112,0007,國立陽明交通大學,博士,泰國,1,0,0,1,0,0
112,0007,國立陽明交通大學,博士,南非,1,0,1,0,0,0
112,0007,國立陽明交通大學,博士,加拿大,2,0,1,1,0,0
112,0007,國立陽明交通大學,碩士,緬甸,0,1,0,1,0,0
112,0007,國立陽明交通大學,碩士,印尼,7,2,5,4,1,1
112,0007,國立陽明交通大學,碩士,日本,1,0,0,1,0,0
112,0007,國立陽明交通大學,碩士,南韓,1,0,0,1,0,0
112,0007,國立陽明交通大學,碩士,馬來西亞,23,18,10,31,9,4
112,0007,國立陽明交通大學,碩士,新加坡,0,1,0,1,0,0
112,0007,國立陽明交通大學,碩士,泰國,0,1,0,1,0,1
112,0007,國立陽明交通大學,碩士,越南,0,0,0,0,1,0
112,0007,國立陽明交通大學,碩士,紐西蘭,1,0,0,1,0,0
112,0007,國立陽明交通大學,碩士,納米比亞,0,1,0,1,0,0
112,0007,國立陽明交通大學,碩士,加拿大,0,1,0,1,0,0
112,0007,國立陽明交通大學,碩士,巴拉圭,1,0,1,0,0,0
112,0007,國立陽明交通大學,學士,緬甸,6,8,4,10,2,1
112,0007,國立陽明交通大學,學士,印尼,41,20,12,49,4,5
112,0007,國立陽明交通大學,學士,伊朗,0,2,0,2,0,0
112,0007,國立陽明交通大學,學士,日本,1,2,0,3,0,0
112,0007,國立陽明交通大學,學士,南韓,4,4,1,7,0,0
112,0007,國立陽明交通大學,學士,馬來西亞,98,76,33,141,12,17
112,0007,國立陽明交通大學,學士,菲律賓,1,0,0,1,0,0
112,0007,國立陽明交通大學,學士,新加坡,2,1,0,3,1,0
112,0007,國立陽明交通大學,學士,泰國,5,5,4,6,1,0
112,0007,國立陽明交通大學,學士,越南,2,5,2,5,1,1
112,0007,國立陽明交通大學,學士,南非,1,1,2,0,0,0
112,0007,國立陽明交通大學,學士,荷蘭,0,1,0,1,0,0
112,0007,國立陽明交通大學,學士,加拿大,1,2,0,3,0,0
112,0007,國立陽明交通大學,學士,多明尼加,1,1,0,2,0,0
112,0007,國立陽明交通大學,學士,瓜地馬拉,1,0,0,1,0,0
112,0007,國立陽明交通大學,學士,巴拿馬,0,1,0,1,0,0
112,0007,國立陽明交通大學,學士,美國,3,4,2,5,0,0
112,0007,國立陽明交通大學,學士,巴西,1,0,0,1,0,0
112,0007,國立陽明交通大學,學士,厄瓜多,0,1,0,1,0,0
112,0007,國立陽明交通大學,學士,巴拉圭,1,1,1,1,0,0
112,0008,國立中央大學,博士,馬來西亞,2,0,0,2,0,0
112,0008,國立中央大學,碩士,馬來西亞,9,2,3,8,0,2
112,0008,國立中央大學,碩士,越南,1,0,0,1,0,0
112,0008,國立中央大學,碩士,加拿大,1,0,0,1,0,0
112,0008,國立中央大學,學士,緬甸,3,9,5,7,0,0
112,0008,國立中央大學,學士,印尼,15,9,7,17,5,2
112,0008,國立中央大學,學士,日本,2,1,2,1,0,0
112,0008,國立中央大學,學士,南韓,1,0,1,0,0,0
112,0008,國立中央大學,學士,馬來西亞,26,14,10,30,3,4
112,0008,國立中央大學,學士,菲律賓,0,1,0,1,0,0
112,0008,國立中央大學,學士,新加坡,0,1,0,1,0,0
112,0008,國立中央大學,學士,泰國,2,2,3,1,0,0
112,0008,國立中央大學,學士,越南,2,2,2,2,1,0
112,0008,國立中央大學,學士,南非,1,0,0,1,0,1
112,0008,國立中央大學,學士,阿根廷,1,1,0,2,0,0
112,0008,國立中央大學,學士,巴西,1,0,0,1,0,0
112,0009,國立中山大學,博士,印尼,0,1,0,1,0,0
112,0009,國立中山大學,博士,南韓,0,1,1,0,0,0
112,0009,國立中山大學,博士,馬來西亞,0,0,0,0,1,0
112,0009,國立中山大學,博士,新加坡,1,0,0,1,0,0
112,0009,國立中山大學,碩士,印尼,0,0,0,0,1,0
112,0009,國立中山大學,碩士,馬來西亞,6,7,3,10,2,1
112,0009,國立中山大學,碩士,泰國,1,0,1,0,0,1
112,0009,國立中山大學,碩士,越南,0,1,0,1,1,0
112,0009,國立中山大學,碩士,南非,1,0,0,1,1,1
112,0009,國立中山大學,碩士,法國,1,0,1,0,0,0
112,0009,國立中山大學,碩士,哥倫比亞,1,0,1,0,0,0
112,0009,國立中山大學,學士,緬甸,1,2,2,1,0,0
112,0009,國立中山大學,學士,印尼,23,29,16,36,4,5
112,0009,國立中山大學,學士,日本,3,1,0,4,1,0
112,0009,國立中山大學,學士,南韓,0,1,0,1,1,0
112,0009,國立中山大學,學士,馬來西亞,54,46,19,81,4,6
112,0009,國立中山大學,學士,泰國,4,3,2,5,1,0
112,0009,國立中山大學,學士,越南,3,3,2,4,0,0
112,0009,國立中山大學,學士,奈及利亞,0,1,0,1,0,0
112,0009,國立中山大學,學士,南非,0,0,0,0,1,0
112,0009,國立中山大學,學士,加拿大,0,1,0,1,0,0
112,0009,國立中山大學,學士,美國,1,1,1,1,0,0
112,0009,國立中山大學,學士,哥倫比亞,0,0,0,0,1,0
112,0012,國立臺灣海洋大學,博士,印尼,0,1,1,0,0,0
112,0012,國立臺灣海洋大學,博士,馬來西亞,1,0,0,1,0,0
112,0012,國立臺灣海洋大學,碩士,緬甸,1,0,0,1,0,0
112,0012,國立臺灣海洋大學,碩士,印尼,0,3,2,1,0,0
112,0012,國立臺灣海洋大學,碩士,馬來西亞,8,9,12,5,1,5
112,0012,國立臺灣海洋大學,學士,緬甸,15,1,5,11,1,5
112,0012,國立臺灣海洋大學,學士,印尼,84,65,29,120,6,9
112,0012,國立臺灣海洋大學,學士,南韓,2,0,1,1,0,0
112,0012,國立臺灣海洋大學,學士,馬來西亞,132,44,28,148,20,15
112,0012,國立臺灣海洋大學,學士,菲律賓,2,0,1,1,0,0
112,0012,國立臺灣海洋大學,學士,泰國,0,2,1,1,0,0
112,0012,國立臺灣海洋大學,學士,越南,1,2,1,2,0,0
112,0012,國立臺灣海洋大學,學士,多明尼加,0,0,0,0,0,1
112,0012,國立臺灣海洋大學,學士,美國,1,0,1,0,0,0
112,0013,國立中正大學,博士,印尼,0,1,1,0,0,0
112,0013,國立中正大學,博士,馬來西亞,0,1,1,0,0,0
112,0013,國立中正大學,碩士,印尼,1,1,1,1,0,1
112,0013,國立中正大學,碩士,馬來西亞,6,6,4,8,0,0
112,0013,國立中正大學,碩士,美國,1,0,0,1,0,0
112,0013,國立中正大學,學士,緬甸,3,1,2,2,0,1
112,0013,國立中正大學,學士,印尼,13,24,7,30,3,4
112,0013,國立中正大學,學士,南韓,1,0,0,1,0,0
112,0013,國立中正大學,學士,馬來西亞,51,25,16,60,10,11
112,0013,國立中正大學,學士,新加坡,0,1,0,1,0,0
112,0013,國立中正大學,學士,泰國,0,2,1,1,0,0
112,0013,國立中正大學,學士,越南,2,2,1,3,0,0
112,0013,國立中正大學,學士,巴西,1,0,1,0,0,0
112,0013,國立中正大學,學士,厄瓜多,0,1,0,1,0,0
112,0014,國立高雄師範大學,碩士,印尼,2,0,0,2,0,0
112,0014,國立高雄師範大學,碩士,日本,1,0,0,1,0,0
112,0014,國立高雄師範大學,碩士,馬來西亞,2,3,1,4,0,1
112,0014,國立高雄師範大學,碩士,越南,0,2,2,0,0,0
112,0014,國立高雄師範大學,碩士,阿根廷,0,1,0,1,0,0
112,0014,國立高雄師範大學,學士,緬甸,1,0,1,0,0,0
112,0014,國立高雄師範大學,學士,印尼,4,5,4,5,0,1
112,0014,國立高雄師範大學,學士,日本,0,1,0,1,0,0
112,0014,國立高雄師範大學,學士,馬來西亞,12,21,7,26,0,4
112,0014,國立高雄師範大學,學士,越南,0,2,0,2,0,0
112,0014,國立高雄師範大學,學士,多明尼加,1,0,1,0,0,0
112,0014,國立高雄師範大學,學士,阿根廷,1,0,0,1,0,0
112,0015,國立彰化師範大學,博士,馬來西亞,0,1,0,1,0,0
112,0015,國立彰化師範大學,碩士,馬來西亞,12,10,7,15,0,1
112,0015,國立彰化師範大學,學士,印尼,7,9,6,10,0,0
112,0015,國立彰化師範大學,學士,馬來西亞,39,70,27,82,5,6
112,0015,國立彰化師範大學,學士,菲律賓,0,1,0,1,0,0
112,0015,國立彰化師範大學,學士,泰國,1,0,1,0,0,0
112,0015,國立彰化師範大學,學士,越南,3,0,0,3,0,1
112,0015,國立彰化師範大學,學士,南非,1,0,0,1,0,0
112,0015,國立彰化師範大學,學士,葡萄牙,1,1,0,2,0,0
112,0015,國立彰化師範大學,學士,美國,0,1,0,1,0,0
112,0017,國立臺北大學,博士,馬來西亞,1,0,0,1,0,0
112,0017,國立臺北大學,碩士,緬甸,2,2,2,2,0,2
112,0017,國立臺北大學,碩士,印尼,1,1,1,1,0,0
112,0017,國立臺北大學,碩士,馬來西亞,4,5,3,6,1,0
112,0017,國立臺北大學,碩士,泰國,0,1,0,1,0,0
112,0017,國立臺北大學,學士,緬甸,22,60,46,36,0,3
112,0017,國立臺北大學,學士,印尼,17,19,14,22,1,2
112,0017,國立臺北大學,學士,日本,3,2,2,3,0,1
112,0017,國立臺北大學,學士,南韓,0,4,0,4,0,0
112,0017,國立臺北大學,學士,馬來西亞,63,43,29,77,7,9
112,0017,國立臺北大學,學士,菲律賓,0,1,0,1,0,0
112,0017,國立臺北大學,學士,新加坡,0,2,0,2,0,0
112,0017,國立臺北大學,學士,泰國,2,3,2,3,0,0
112,0017,國立臺北大學,學士,越南,5,12,3,14,1,0
112,0017,國立臺北大學,學士,汶萊,0,1,0,1,0,0
112,0017,國立臺北大學,學士,南非,0,1,0,1,0,0
112,0017,國立臺北大學,學士,法國,0,1,1,0,0,0
112,0017,國立臺北大學,學士,加拿大,1,0,0,1,0,0
112,0017,國立臺北大學,學士,美國,0,1,0,1,0,0
112,0017,國立臺北大學,學士,巴西,1,0,0,1,0,0
112,0017,國立臺北大學,學士,秘魯,0,0,0,0,0,1
112,0018,國立嘉義大學,碩士,馬來西亞,3,4,4,3,2,2
112,0018,國立嘉義大學,碩士,越南,1,0,0,1,0,0
112,0018,國立嘉義大學,學士,緬甸,0,1,1,0,0,0
112,0018,國立嘉義大學,學士,印尼,11,15,6,20,1,5
112,0018,國立嘉義大學,學士,南韓,0,3,2,1,1,0
112,0018,國立嘉義大學,學士,馬來西亞,52,50,22,80,7,15
112,0018,國立嘉義大學,學士,新加坡,0,1,1,0,0,0
112,0018,國立嘉義大學,學士,泰國,0,1,0,1,0,0
112,0018,國立嘉義大學,學士,越南,1,2,2,1,0,0
112,0018,國立嘉義大學,學士,南非,1,0,0,1,0,1
112,0018,國立嘉義大學,學士,加拿大,0,1,1,0,0,0
112,0019,國立高雄大學,碩士,日本,1,0,0,1,0,0
112,0019,國立高雄大學,碩士,馬來西亞,1,2,3,0,1,0
112,0019,國立高雄大學,學士,緬甸,1,2,2,1,0,0
112,0019,國立高雄大學,學士,印尼,58,54,24,88,4,2
112,0019,國立高雄大學,學士,馬來西亞,20,14,9,25,1,4
112,0019,國立高雄大學,學士,泰國,1,0,0,1,0,0
112,0019,國立高雄大學,學士,越南,3,9,5,7,0,0
112,0020,國立東華大學,博士,馬來西亞,0,0,0,0,1,0
112,0020,國立東華大學,碩士,緬甸,0,0,0,0,1,0
112,0020,國立東華大學,碩士,印尼,0,0,0,0,1,0
112,0020,國立東華大學,碩士,馬來西亞,9,13,6,16,2,3
112,0020,國立東華大學,碩士,新加坡,1,0,0,1,0,0
112,0020,國立東華大學,碩士,越南,0,1,1,0,0,0
112,0020,國立東華大學,碩士,法國,0,1,1,0,0,0
112,0020,國立東華大學,學士,緬甸,2,0,1,1,0,0
112,0020,國立東華大學,學士,印尼,41,48,21,68,1,5
112,0020,國立東華大學,學士,日本,0,1,0,1,0,0
112,0020,國立東華大學,學士,馬來西亞,61,71,36,96,15,13
112,0020,國立東華大學,學士,菲律賓,1,0,0,1,0,0
112,0020,國立東華大學,學士,新加坡,2,0,1,1,0,0
112,0020,國立東華大學,學士,越南,0,1,0,1,1,0
112,0020,國立東華大學,學士,加拿大,0,1,0,1,0,0
112,0020,國立東華大學,學士,哥斯大黎加,0,0,0,0,0,1
112,0020,國立東華大學,學士,美國,0,0,0,0,1,0
112,0020,國立東華大學,學士,巴西,1,0,0,1,0,0
112,0021,國立暨南國際大學,博士,馬來西亞,1,0,0,1,0,0
112,0021,國立暨南國際大學,碩士,緬甸,1,1,0,2,0,0
112,0021,國立暨南國際大學,碩士,馬來西亞,6,10,1,15,4,1
112,0021,國立暨南國際大學,學士,緬甸,4,9,6,7,0,0
112,0021,國立暨南國際大學,學士,柬埔寨,1,0,0,1,0,0
112,0021,國立暨南國際大學,學士,印尼,62,66,36,92,3,4
112,0021,國立暨南國際大學,學士,日本,0,1,0,1,0,0
112,0021,國立暨南國際大學,學士,約旦,0,1,0,1,0,0
112,0021,國立暨南國際大學,學士,馬來西亞,97,58,31,124,9,18
112,0021,國立暨南國際大學,學士,泰國,0,2,0,2,0,0
112,0021,國立暨南國際大學,學士,越南,2,3,2,3,1,2
112,0021,國立暨南國際大學,學士,南非,0,1,0,1,0,0
112,0021,國立暨南國際大學,學士,瓜地馬拉,0,1,0,1,0,0
112,0021,國立暨南國際大學,學士,巴西,0,1,0,1,0,0
112,0022,國立臺灣科技大學,博士,馬來西亞,1,0,0,1,0,0
112,0022,國立臺灣科技大學,碩士,緬甸,0,0,0,0,1,0
112,0022,國立臺灣科技大學,碩士,印度,5,3,4,4,0,0
112,0022,國立臺灣科技大學,碩士,印尼,1,0,0,1,1,0
112,0022,國立臺灣科技大學,碩士,約旦,1,0,1,0,0,0
112,0022,國立臺灣科技大學,碩士,南韓,0,0,0,0,1,0
112,0022,國立臺灣科技大學,碩士,馬來西亞,12,3,6,9,5,2
112,0022,國立臺灣科技大學,碩士,新加坡,0,1,1,0,0,0
112,0022,國立臺灣科技大學,碩士,越南,2,0,0,2,0,0
112,0022,國立臺灣科技大學,碩士,巴西,0,0,0,0,0,1
112,0022,國立臺灣科技大學,碩士,智利,1,0,0,1,0,0
112,0022,國立臺灣科技大學,學士,緬甸,16,9,9,16,2,4
112,0022,國立臺灣科技大學,學士,印尼,71,49,17,103,13,6
112,0022,國立臺灣科技大學,學士,日本,1,0,1,0,0,0
112,0022,國立臺灣科技大學,學士,約旦,0,0,0,0,1,0
112,0022,國立臺灣科技大學,學士,南韓,1,0,0,1,0,0
112,0022,國立臺灣科技大學,學士,馬來西亞,34,10,9,35,13,10
112,0022,國立臺灣科技大學,學士,菲律賓,0,2,1,1,0,0
112,0022,國立臺灣科技大學,學士,新加坡,0,1,0,1,0,1
112,0022,國立臺灣科技大學,學士,泰國,1,0,0,1,0,0
112,0022,國立臺灣科技大學,學士,越南,2,3,0,5,3,0
112,0022,國立臺灣科技大學,學士,馬紹爾群島共和國,1,0,0,1,0,0
112,0022,國立臺灣科技大學,學士,加拿大,0,1,0,1,0,0
112,0022,國立臺灣科技大學,學士,哥斯大黎加,1,0,1,0,0,0
112,0022,國立臺灣科技大學,學士,美國,0,1,0,1,1,0
112,0022,國立臺灣科技大學,學士,阿根廷,4,0,0,4,0,0
112,0022,國立臺灣科技大學,學士,智利,1,0,1,0,0,0
112,0022,國立臺灣科技大學,學士,巴拉圭,1,0,0,1,0,0
112,0023,國立雲林科技大學,博士,馬來西亞,1,0,0,1,0,0
112,0023,國立雲林科技大學,碩士,印尼,0,0,0,0,1,0
112,0023,國立雲林科技大學,碩士,馬來西亞,2,4,3,3,2,0
112,0023,國立雲林科技大學,學士,緬甸,3,1,3,1,1,0
112,0023,國立雲林科技大學,學士,印尼,19,12,3,28,4,7
112,0023,國立雲林科技大學,學士,馬來西亞,42,38,12,68,10,8
112,0023,國立雲林科技大學,學士,越南,3,1,0,4,0,0
112,0023,國立雲林科技大學,學士,厄瓜多,0,0,0,0,1,0
112,0024,國立屏東科技大學,博士,馬來西亞,0,0,0,0,1,0
112,0024,國立屏東科技大學,碩士,緬甸,0,0,0,0,0,1
112,0024,國立屏東科技大學,碩士,印尼,0,0,0,0,1,0
112,0024,國立屏東科技大學,碩士,馬來西亞,4,2,1,5,1,0
112,0024,國立屏東科技大學,學士,緬甸,1,0,0,1,0,1
112,0024,國立屏東科技大學,學士,印尼,6,7,1,12,0,0
112,0024,國立屏東科技大學,學士,日本,0,1,0,1,0,0
112,0024,國立屏東科技大學,學士,南韓,1,0,0,1,1,0
112,0024,國立屏東科技大學,學士,馬來西亞,70,48,24,94,15,10
112,0024,國立屏東科技大學,學士,越南,0,0,0,0,1,0
112,0024,國立屏東科技大學,學士,汶萊,0,0,0,0,1,0
112,0025,國立臺北科技大學,博士,馬來西亞,1,0,0,1,0,0
112,0025,國立臺北科技大學,碩士,緬甸,0,2,1,1,1,0
112,0025,國立臺北科技大學,碩士,印尼,1,0,1,0,0,0
112,0025,國立臺北科技大學,碩士,馬來西亞,8,6,7,7,1,0
112,0025,國立臺北科技大學,碩士,泰國,0,1,1,0,0,0
112,0025,國立臺北科技大學,碩士,美國,1,0,0,1,0,0
112,0025,國立臺北科技大學,學士,緬甸,20,20,27,13,0,2
112,0025,國立臺北科技大學,學士,印尼,54,44,34,64,6,7
112,0025,國立臺北科技大學,學士,伊朗,0,0,0,0,0,1
112,0025,國立臺北科技大學,學士,日本,2,3,2,3,0,0
112,0025,國立臺北科技大學,學士,南韓,1,1,0,2,0,1
112,0025,國立臺北科技大學,學士,馬來西亞,51,27,10,68,18,13
112,0025,國立臺北科技大學,學士,菲律賓,0,1,1,0,0,0
112,0025,國立臺北科技大學,學士,新加坡,0,1,0,1,0,0
112,0025,國立臺北科技大學,學士,泰國,2,6,1,7,2,0
112,0025,國立臺北科技大學,學士,越南,10,5,3,12,2,2
112,0025,國立臺北科技大學,學士,澳大利亞,1,0,0,1,0,0
112,0025,國立臺北科技大學,學士,英國,1,0,0,1,0,0
112,0025,國立臺北科技大學,學士,加拿大,2,0,1,1,1,0
112,0025,國立臺北科技大學,學士,美國,0,0,0,0,0,1
112,0025,國立臺北科技大學,學士,阿根廷,1,0,1,0,0,0
112,0025,國立臺北科技大學,學士,委內瑞拉,0,0,0,0,0,1
112,0028,國立臺北藝術大學,博士,馬來西亞,1,1,0,2,0,0
112,0028,國立臺北藝術大學,碩士,馬來西亞,5,7,4,8,1,1
112,0028,國立臺北藝術大學,碩士,美國,1,0,0,1,1,0
112,0028,國立臺北藝術大學,學士,馬來西亞,7,6,5,8,1,3
112,0029,國立臺灣藝術大學,博士,馬來西亞,1,0,0,1,1,0
112,0029,國立臺灣藝術大學,博士,泰國,1,0,0,1,1,0
112,0029,國立臺灣藝術大學,博士,美國,1,0,0,1,0,0
112,0029,國立臺灣藝術大學,碩士,馬來西亞,4,6,3,7,1,1
112,0029,國立臺灣藝術大學,學士,緬甸,1,0,0,1,0,0
112,0029,國立臺灣藝術大學,學士,印尼,2,4,0,6,0,0
112,0029,國立臺灣藝術大學,學士,馬來西亞,12,24,14,22,6,2
112,0029,國立臺灣藝術大學,學士,越南,0,2,1,1,0,0
112,0029,國立臺灣藝術大學,學士,美國,1,0,0,1,0,0
112,0030,國立臺東大學,碩士,馬來西亞,1,1,0,2,0,0
112,0030,國立臺東大學,學士,馬來西亞,6,3,3,6,1,0
112,0031,國立宜蘭大學,碩士,馬來西亞,2,1,0,3,2,0
112,0031,國立宜蘭大學,學士,印尼,3,3,0,6,0,1
112,0031,國立宜蘭大學,學士,馬來西亞,9,10,0,19,4,4
112,0031,國立宜蘭大學,學士,越南,1,1,1,1,0,0
112,0031,國立宜蘭大學,學士,美國,1,0,0,1,0,0
112,0032,國立聯合大學,碩士,馬來西亞,2,1,1,2,0,0
112,0032,國立聯合大學,碩士,德國,0,1,1,0,0,0
112,0032,國立聯合大學,學士,緬甸,0,1,1,0,0,0
112,0032,國立聯合大學,學士,印尼,5,8,4,9,1,0
112,0032,國立聯合大學,學士,馬來西亞,11,5,3,13,2,2
112,0032,國立聯合大學,學士,泰國,0,0,0,0,0,1
112,0032,國立聯合大學,學士,越南,1,3,1,3,0,0
112,0033,國立虎尾科技大學,碩士,印尼,0,0,0,0,0,1
112,0033,國立虎尾科技大學,碩士,馬來西亞,1,1,0,2,0,1
112,0033,國立虎尾科技大學,學士,印尼,1,1,0,2,1,0
112,0033,國立虎尾科技大學,學士,日本,0,0,0,0,1,0
112,0033,國立虎尾科技大學,學士,馬來西亞,15,5,6,14,1,1
112,0033,國立虎尾科技大學,學士,越南,1,0,0,1,0,1
112,0035,國立臺南藝術大學,博士,馬來西亞,0,2,0,2,0,0
112,0035,國立臺南藝術大學,碩士,馬來西亞,1,2,0,3,2,0
112,0035,國立臺南藝術大學,學士,印尼,0,1,0,1,0,0
112,0035,國立臺南藝術大學,學士,馬來西亞,8,7,6,9,0,0
112,0036,國立臺南大學,碩士,緬甸,0,1,0,1,0,0
112,0036,國立臺南大學,碩士,馬來西亞,2,5,0,7,0,0
112,0036,國立臺南大學,學士,緬甸,0,1,1,0,0,0
112,0036,國立臺南大學,學士,印尼,9,13,4,18,0,0
112,0036,國立臺南大學,學士,日本,0,1,0,1,0,0
112,0036,國立臺南大學,學士,馬來西亞,13,23,8,28,5,3
112,0036,國立臺南大學,學士,越南,1,0,1,0,0,0
112,0036,國立臺南大學,學士,愛爾蘭,0,1,0,1,0,0
112,0037,國立臺北教育大學,碩士,緬甸,0,3,0,3,0,0
112,0037,國立臺北教育大學,碩士,印尼,0,1,0,1,0,0
112,0037,國立臺北教育大學,碩士,馬來西亞,3,7,2,8,0,0
112,0037,國立臺北教育大學,碩士,越南,0,1,1,0,0,0
112,0037,國立臺北教育大學,碩士,紐西蘭,0,1,1,0,0,0
112,0037,國立臺北教育大學,碩士,加拿大,0,1,0,1,0,0
112,0037,國立臺北教育大學,學士,緬甸,3,12,4,11,1,1
112,0037,國立臺北教育大學,學士,印尼,2,4,0,6,1,0
112,0037,國立臺北教育大學,學士,日本,0,1,0,1,1,0
112,0037,國立臺北教育大學,學士,馬來西亞,6,19,5,20,2,5
112,0037,國立臺北教育大學,學士,泰國,0,1,1,0,0,0
112,0037,國立臺北教育大學,學士,越南,1,1,0,2,1,1
112,0039,國立臺中教育大學,碩士,馬來西亞,1,3,1,3,0,0
112,0039,國立臺中教育大學,學士,印尼,29,25,16,38,5,3
112,0039,國立臺中教育大學,學士,日本,1,0,0,1,0,0
112,0039,國立臺中教育大學,學士,馬來西亞,11,15,7,19,5,6
112,0039,國立臺中教育大學,學士,泰國,2,2,1,3,0,0
112,0039,國立臺中教育大學,學士,越南,0,3,1,2,0,0
112,0042,國立澎湖科技大學,學士,馬來西亞,2,2,0,4,1,0
112,0043,國立勤益科技大學,學士,緬甸,7,4,11,0,0,0
112,0043,國立勤益科技大學,學士,柬埔寨,1,0,1,0,0,0
112,0043,國立勤益科技大學,學士,印尼,23,9,26,6,0,0
112,0043,國立勤益科技大學,學士,馬來西亞,18,1,7,12,6,1
112,0043,國立勤益科技大學,學士,菲律賓,3,0,3,0,0,0
112,0043,國立勤益科技大學,學士,泰國,1,0,1,0,0,0
112,0043,國立勤益科技大學,學士,越南,6,5,6,5,1,0
112,0043,國立勤益科技大學,學士,委內瑞拉,1,1,1,1,0,0
112,0044,國立體育大學,博士,馬來西亞,2,0,0,2,0,0
112,0044,國立體育大學,碩士,馬來西亞,1,1,1,1,2,0
112,0044,國立體育大學,學士,緬甸,1,0,1,0,0,0
112,0044,國立體育大學,學士,南韓,1,0,0,1,0,0
112,0044,國立體育大學,學士,馬來西亞,9,4,3,10,2,1
112,0046,國立臺北護理健康大學,碩士,馬來西亞,2,4,1,5,0,1
112,0046,國立臺北護理健康大學,學士,緬甸,2,3,3,2,0,1
112,0046,國立臺北護理健康大學,學士,印度,1,0,0,1,0,0
112,0046,國立臺北護理健康大學,學士,南韓,0,1,0,1,0,0
112,0046,國立臺北護理健康大學,學士,馬來西亞,6,11,6,11,2,8
112,0046,國立臺北護理健康大學,學士,泰國,0,1,0,1,0,0
112,0046,國立臺北護理健康大學,學士,越南,0,1,0,1,0,1
112,0046,國立臺北護理健康大學,學士,葡萄牙,0,1,0,1,0,0
112,0046,國立臺北護理健康大學,學士,阿根廷,0,0,0,0,1,0
112,0047,國立高雄餐旅大學,碩士,印尼,0,0,0,0,2,0
112,0047,國立高雄餐旅大學,碩士,馬來西亞,0,0,0,0,0,1
112,0047,國立高雄餐旅大學,碩士,阿根廷,0,0,0,0,1,0
112,0047,國立高雄餐旅大學,學士,緬甸,2,6,2,6,0,0
112,0047,國立高雄餐旅大學,學士,印尼,13,52,10,55,1,7
112,0047,國立高雄餐旅大學,學士,日本,1,1,1,1,0,0
112,0047,國立高雄餐旅大學,學士,馬來西亞,20,39,13,46,5,7
112,0047,國立高雄餐旅大學,學士,菲律賓,0,0,0,0,0,1
112,0047,國立高雄餐旅大學,學士,新加坡,0,1,0,1,0,0
112,0047,國立高雄餐旅大學,學士,泰國,1,3,2,2,1,0
112,0047,國立高雄餐旅大學,學士,越南,2,1,1,2,1,1
112,0047,國立高雄餐旅大學,學士,多明尼加,0,0,0,0,1,0
112,0047,國立高雄餐旅大學,學士,薩爾瓦多,1,0,0,1,0,0
112,0047,國立高雄餐旅大學,學士,美國,1,0,0,1,0,0
112,0048,國立金門大學,碩士,印尼,5,8,5,8,1,2
112,0048,國立金門大學,碩士,馬來西亞,2,1,3,0,1,1
112,0048,國立金門大學,碩士,阿根廷,1,0,1,0,0,0
112,0048,國立金門大學,學士,印尼,67,56,43,80,0,2
112,0048,國立金門大學,學士,馬來西亞,19,8,4,23,1,2
112,0048,國立金門大學,學士,泰國,1,1,1,1,0,0
112,0048,國立金門大學,學士,巴布亞紐幾內亞,1,0,0,1,0,0
112,0048,國立金門大學,學士,阿根廷,0,0,0,0,1,0
112,0049,國立臺灣體育運動大學,碩士,馬來西亞,5,2,1,6,0,0
112,0049,國立臺灣體育運動大學,學士,馬來西亞,26,11,9,28,0,4
112,0049,國立臺灣體育運動大學,學士,越南,0,1,0,1,0,0
112,0050,國立臺中科技大學,碩士,馬來西亞,0,1,1,0,0,1
112,0050,國立臺中科技大學,碩士,泰國,1,0,0,1,0,0
112,0050,國立臺中科技大學,學士,緬甸,5,1,5,1,0,0
112,0050,國立臺中科技大學,學士,印尼,40,51,29,62,3,8
112,0050,國立臺中科技大學,學士,日本,3,2,1,4,0,0
112,0050,國立臺中科技大學,學士,馬來西亞,40,18,13,45,3,5
112,0050,國立臺中科技大學,學士,新加坡,0,1,0,1,0,0
112,0050,國立臺中科技大學,學士,泰國,1,6,5,2,0,0
112,0050,國立臺中科技大學,學士,越南,6,7,5,8,0,1
112,0050,國立臺中科技大學,學士,哥斯大黎加,1,0,0,1,0,0
112,0050,國立臺中科技大學,學士,墨西哥,1,0,0,1,0,0
112,0050,國立臺中科技大學,學士,尼加拉瓜,1,0,0,1,0,0
112,0050,國立臺中科技大學,學士,美國,1,1,0,2,0,0
112,0051,國立臺北商業大學,碩士,緬甸,1,0,1,0,0,1
112,0051,國立臺北商業大學,碩士,馬來西亞,0,2,1,1,0,0
112,0051,國立臺北商業大學,碩士,南非,1,0,0,1,0,0
112,0051,國立臺北商業大學,碩士,阿根廷,1,1,0,2,0,0
112,0051,國立臺北商業大學,學士,緬甸,9,19,13,15,2,8
112,0051,國立臺北商業大學,學士,印尼,16,18,7,27,1,6
112,0051,國立臺北商業大學,學士,馬來西亞,19,19,11,27,8,2
112,0051,國立臺北商業大學,學士,菲律賓,0,2,0,2,0,0
112,0051,國立臺北商業大學,學士,新加坡,0,0,0,0,0,1
112,0051,國立臺北商業大學,學士,泰國,0,3,1,2,0,0
112,0051,國立臺北商業大學,學士,越南,11,20,7,24,4,13
112,0051,國立臺北商業大學,學士,墨西哥,1,0,0,1,0,0
112,0051,國立臺北商業大學,學士,阿根廷,1,1,0,2,0,0
112,0051,國立臺北商業大學,學士,巴西,0,1,0,1,0,0
112,0051,國立臺北商業大學,學士,智利,0,1,0,1,0,0
112,0052,國立屏東大學,碩士,日本,1,0,1,0,0,0
112,0052,國立屏東大學,碩士,馬來西亞,3,0,0,3,1,0
112,0052,國立屏東大學,學士,緬甸,0,0,0,0,0,1
112,0052,國立屏東大學,學士,印尼,2,2,1,3,0,0
112,0052,國立屏東大學,學士,日本,0,0,0,0,1,0
112,0052,國立屏東大學,學士,馬來西亞,22,17,12,27,6,6
112,0052,國立屏東大學,學士,加拿大,0,1,0,1,0,0
112,0053,國立高雄科技大學,碩士,緬甸,0,0,0,0,1,0
112,0053,國立高雄科技大學,碩士,印尼,1,0,0,1,0,0
112,0053,國立高雄科技大學,碩士,馬來西亞,3,3,2,4,2,0
112,0053,國立高雄科技大學,碩士,越南,1,0,0,1,0,0
112,0053,國立高雄科技大學,碩士,美國,1,0,1,0,0,0
112,0053,國立高雄科技大學,學士,緬甸,0,0,0,0,0,1
112,0053,國立高雄科技大學,學士,印尼,42,33,19,56,3,0
112,0053,國立高雄科技大學,學士,日本,3,0,1,2,0,0
112,0053,國立高雄科技大學,學士,南韓,1,0,0,1,0,0
112,0053,國立高雄科技大學,學士,馬來西亞,55,26,11,70,7,4
112,0053,國立高雄科技大學,學士,菲律賓,0,2,1,1,0,0
112,0053,國立高雄科技大學,學士,新加坡,1,0,0,1,0,0
112,0053,國立高雄科技大學,學士,泰國,1,2,2,1,0,0
112,0053,國立高雄科技大學,學士,越南,2,6,0,8,0,1
112,0053,國立高雄科技大學,學士,美國,2,0,1,1,0,0
112,0053,國立高雄科技大學,學士,阿根廷,0,0,0,0,0,1
112,0053,國立高雄科技大學,學士,巴西,0,0,0,0,0,1
112,0144,國立臺灣戲曲學院,學士,馬來西亞,2,0,0,2,0,0
112,0221,國立臺南護理專科學校,學士,印尼,0,1,0,1,0,0
112,0221,國立臺南護理專科學校,學士,泰國,0,1,0,1,0,0
112,0221,國立臺南護理專科學校,學士,阿根廷,1,0,0,1,0,0
112,1001,東海大學,博士,馬來西亞,2,0,0,2,0,0
112,1001,東海大學,碩士,印尼,0,1,1,0,0,0
112,1001,東海大學,碩士,馬來西亞,1,7,1,7,1,0
112,1001,東海大學,碩士,委內瑞拉,0,0,0,0,1,0
112,1001,東海大學,學士,印尼,32,34,16,50,0,1
112,1001,東海大學,學士,日本,0,1,0,1,0,0
112,1001,東海大學,學士,南韓,0,1,0,1,0,0
112,1001,東海大學,學士,馬來西亞,29,24,13,40,3,5
112,1001,東海大學,學士,泰國,1,1,0,2,0,0
112,1001,東海大學,學士,越南,0,4,0,4,0,0
112,1001,東海大學,學士,南非,1,0,1,0,0,0
112,1001,東海大學,學士,美國,0,1,0,1,0,0
112,1001,東海大學,學士,巴西,1,0,0,1,0,0
112,1002,輔仁大學,博士,馬來西亞,2,1,1,2,0,0
112,1002,輔仁大學,博士,加拿大,1,0,0,1,0,0
112,1002,輔仁大學,博士,美國,0,1,1,0,0,0
112,1002,輔仁大學,碩士,日本,0,2,0,2,0,0
112,1002,輔仁大學,碩士,南韓,0,0,0,0,1,0
112,1002,輔仁大學,碩士,馬來西亞,2,5,2,5,2,1
112,1002,輔仁大學,碩士,加拿大,0,0,0,0,1,0
112,1002,輔仁大學,學士,緬甸,3,3,5,1,0,0
112,1002,輔仁大學,學士,印尼,13,32,12,33,0,0
112,1002,輔仁大學,學士,日本,1,4,1,4,0,0
112,1002,輔仁大學,學士,南韓,1,2,1,2,0,0
112,1002,輔仁大學,學士,馬來西亞,48,68,27,89,5,10
112,1002,輔仁大學,學士,新加坡,1,0,0,1,0,1
112,1002,輔仁大學,學士,泰國,0,1,0,1,0,0
112,1002,輔仁大學,學士,越南,0,7,1,6,0,0
112,1002,輔仁大學,學士,澳大利亞,0,1,1,0,0,0
112,1002,輔仁大學,學士,南非,1,0,0,1,0,0
112,1002,輔仁大學,學士,波蘭,0,1,1,0,0,0
112,1002,輔仁大學,學士,德國,0,1,1,0,0,0
112,1002,輔仁大學,學士,加拿大,0,1,0,1,1,0
112,1002,輔仁大學,學士,瓜地馬拉,0,1,0,1,0,0
112,1002,輔仁大學,學士,巴拿馬,0,1,0,1,0,0
112,1002,輔仁大學,學士,美國,3,2,1,4,1,1
112,1002,輔仁大學,學士,智利,0,1,0,1,0,0
112,1003,東吳大學,碩士,日本,0,1,0,1,0,0
112,1003,東吳大學,碩士,南韓,1,0,0,1,0,0
112,1003,東吳大學,碩士,馬來西亞,1,2,0,3,1,0
112,1003,東吳大學,學士,緬甸,0,1,1,0,0,0
112,1003,東吳大學,學士,印尼,5,2,0,7,0,1
112,1003,東吳大學,學士,日本,0,2,0,2,0,0
112,1003,東吳大學,學士,南韓,1,4,1,4,0,0
112,1003,東吳大學,學士,馬來西亞,21,16,7,30,5,11
112,1003,東吳大學,學士,泰國,0,1,0,1,0,0
112,1003,東吳大學,學士,越南,1,1,1,1,0,0
112,1003,東吳大學,學士,澳大利亞,0,0,0,0,1,0
112,1003,東吳大學,學士,南非,1,0,1,0,0,0
112,1003,東吳大學,學士,美國,1,0,0,1,0,0
112,1004,中原大學,博士,馬來西亞,2,1,1,2,0,0
112,1004,中原大學,碩士,印尼,2,0,1,1,0,0
112,1004,中原大學,碩士,馬來西亞,3,2,3,2,0,0
112,1004,中原大學,碩士,越南,0,0,0,0,2,1
112,1004,中原大學,碩士,紐西蘭,0,1,0,1,0,0
112,1004,中原大學,學士,印尼,41,30,15,56,5,9
112,1004,中原大學,學士,日本,1,0,0,1,0,0
112,1004,中原大學,學士,南韓,1,0,0,1,0,0
112,1004,中原大學,學士,馬來西亞,62,48,21,89,7,10
112,1004,中原大學,學士,菲律賓,2,0,0,2,0,0
112,1004,中原大學,學士,新加坡,0,2,0,2,0,0
112,1004,中原大學,學士,泰國,1,2,0,3,0,0
112,1004,中原大學,學士,越南,1,6,2,5,1,0
112,1004,中原大學,學士,史瓦帝尼王國,1,1,0,2,0,0
112,1004,中原大學,學士,加拿大,2,0,1,1,0,0
112,1004,中原大學,學士,委內瑞拉,1,0,1,0,0,0
112,1005,淡江大學,博士,越南,1,0,0,1,0,0
112,1005,淡江大學,博士,美國,1,0,0,1,0,0
112,1005,淡江大學,碩士,印尼,1,1,0,2,0,1
112,1005,淡江大學,碩士,日本,0,1,1,0,0,0
112,1005,淡江大學,碩士,馬來西亞,6,3,1,8,1,2
112,1005,淡江大學,碩士,泰國,0,1,1,0,0,0
112,1005,淡江大學,碩士,美國,1,0,1,0,0,0
112,1005,淡江大學,碩士,巴西,0,0,0,0,0,1
112,1005,淡江大學,學士,緬甸,2,2,2,2,0,1
112,1005,淡江大學,學士,柬埔寨,1,0,0,1,0,0
112,1005,淡江大學,學士,印尼,99,86,42,143,7,14
112,1005,淡江大學,學士,日本,2,4,0,6,0,3
112,1005,淡江大學,學士,約旦,0,1,0,1,0,0
112,1005,淡江大學,學士,南韓,2,1,0,3,0,1
112,1005,淡江大學,學士,馬來西亞,57,41,22,76,11,8
112,1005,淡江大學,學士,菲律賓,1,2,1,2,0,0
112,1005,淡江大學,學士,越南,2,9,5,6,0,0
112,1005,淡江大學,學士,紐西蘭,0,1,0,1,0,0
112,1005,淡江大學,學士,南非,0,1,1,0,0,0
112,1005,淡江大學,學士,納米比亞,0,1,0,1,0,0
112,1005,淡江大學,學士,哥斯大黎加,0,0,0,0,0,1
112,1005,淡江大學,學士,瓜地馬拉,1,0,0,1,0,0
112,1005,淡江大學,學士,貝里斯,1,0,1,0,0,0
112,1005,淡江大學,學士,美國,2,1,1,2,0,0
112,1005,淡江大學,學士,巴西,3,1,0,4,0,0
112,1006,中國文化大學,碩士,印尼,0,1,0,1,0,0
112,1006,中國文化大學,碩士,日本,0,1,0,1,0,0
112,1006,中國文化大學,碩士,馬來西亞,1,7,0,8,1,0
112,1006,中國文化大學,學士,緬甸,0,2,1,1,0,0
112,1006,中國文化大學,學士,印尼,20,30,12,38,0,3
112,1006,中國文化大學,學士,日本,1,0,0,1,1,0
112,1006,中國文化大學,學士,南韓,0,2,0,2,0,0
112,1006,中國文化大學,學士,馬來西亞,41,55,12,84,9,9
112,1006,中國文化大學,學士,新加坡,1,0,0,1,0,0
112,1006,中國文化大學,學士,泰國,0,1,0,1,0,0
112,1006,中國文化大學,學士,越南,2,0,0,2,0,1
112,1006,中國文化大學,學士,南非,0,1,0,1,0,0
112,1006,中國文化大學,學士,義大利,0,0,0,0,0,1
112,1006,中國文化大學,學士,美國,1,0,0,1,1,0
112,1006,中國文化大學,學士,巴西,0,0,0,0,0,1
112,1007,逢甲大學,碩士,印尼,0,0,0,0,0,1
112,1007,逢甲大學,碩士,馬來西亞,5,2,2,5,3,1
112,1007,逢甲大學,碩士,英國,1,0,0,1,0,0
112,1007,逢甲大學,學士,緬甸,2,0,1,1,0,0
112,1007,逢甲大學,學士,印尼,16,12,12,16,1,1
112,1007,逢甲大學,學士,日本,2,1,0,3,0,0
112,1007,逢甲大學,學士,南韓,1,0,0,1,0,0
112,1007,逢甲大學,學士,馬來西亞,90,40,29,101,14,6
112,1007,逢甲大學,學士,菲律賓,0,2,0,2,0,0
112,1007,逢甲大學,學士,新加坡,1,0,0,1,0,0
112,1007,逢甲大學,學士,泰國,2,1,2,1,0,0
112,1007,逢甲大學,學士,越南,0,7,0,7,0,0
112,1007,逢甲大學,學士,南非,2,1,0,3,0,1
112,1007,逢甲大學,學士,加拿大,2,0,0,2,0,0
112,1007,逢甲大學,學士,美國,2,0,0,2,1,0
112,1007,逢甲大學,學士,巴西,1,1,2,0,0,0
112,1007,逢甲大學,學士,厄瓜多,1,0,1,0,0,0
112,1007,逢甲大學,學士,委內瑞拉,1,0,0,1,0,0
112,1008,靜宜大學,碩士,印尼,1,1,1,1,0,0
112,1008,靜宜大學,碩士,馬來西亞,1,0,1,0,0,0
112,1008,靜宜大學,碩士,越南,0,1,0,1,0,1
112,1008,靜宜大學,學士,緬甸,2,3,0,5,0,0
112,1008,靜宜大學,學士,印尼,2,9,5,6,0,1
112,1008,靜宜大學,學士,南韓,0,1,0,1,0,0
112,1008,靜宜大學,學士,馬來西亞,14,16,7,23,6,1
112,1008,靜宜大學,學士,菲律賓,0,0,0,0,0,1
112,1008,靜宜大學,學士,泰國,0,1,1,0,0,0
112,1008,靜宜大學,學士,越南,3,0,2,1,0,0
112,1008,靜宜大學,學士,巴拉圭,0,0,0,0,0,1
112,1009,長庚大學,博士,馬來西亞,2,2,1,3,0,0
112,1009,長庚大學,博士,沙烏地阿拉伯,0,1,0,1,0,0
112,1009,長庚大學,碩士,馬來西亞,4,3,4,3,0,0
112,1009,長庚大學,學士,緬甸,0,3,1,2,0,1
112,1009,長庚大學,學士,印尼,4,4,5,3,0,0
112,1009,長庚大學,學士,日本,1,0,0,1,0,1
112,1009,長庚大學,學士,南韓,1,3,1,3,1,1
112,1009,長庚大學,學士,馬來西亞,8,23,7,24,4,8
112,1009,長庚大學,學士,菲律賓,0,1,1,0,0,0
112,1009,長庚大學,學士,新加坡,2,0,1,1,0,1
112,1009,長庚大學,學士,泰國,1,0,1,0,0,0
112,1009,長庚大學,學士,越南,2,0,0,2,1,0
112,1009,長庚大學,學士,斐濟,1,0,0,1,0,0
112,1009,長庚大學,學士,加拿大,2,2,0,4,0,0
112,1009,長庚大學,學士,美國,5,1,1,5,0,0
112,1010,元智大學,碩士,馬來西亞,0,0,0,0,0,1
112,1010,元智大學,學士,印尼,7,5,5,7,0,0
112,1010,元智大學,學士,日本,1,0,1,0,0,0
112,1010,元智大學,學士,馬來西亞,8,3,3,8,0,0
112,1010,元智大學,學士,菲律賓,3,1,2,2,0,0
112,1010,元智大學,學士,越南,3,0,1,2,0,0
112,1010,元智大學,學士,墨西哥,1,0,1,0,0,0
112,1010,元智大學,學士,智利,0,1,1,0,0,0
112,1011,中華大學,學士,緬甸,0,1,0,1,0,0
112,1011,中華大學,學士,印尼,1,1,0,2,1,0
112,1011,中華大學,學士,馬來西亞,5,4,2,7,0,0
112,1011,中華大學,學士,越南,2,2,1,3,0,0
112,1012,大葉大學,碩士,緬甸,1,0,0,1,0,0
112,1012,大葉大學,碩士,馬來西亞,0,1,1,0,0,0
112,1012,大葉大學,學士,馬來西亞,13,12,13,12,3,3
112,1013,華梵大學,碩士,馬來西亞,0,1,0,1,0,0
112,1013,華梵大學,學士,印尼,0,1,1,0,0,0
112,1013,華梵大學,學士,馬來西亞,2,0,0,2,0,0
112,1013,華梵大學,學士,越南,0,1,1,0,0,0
112,1014,義守大學,碩士,印尼,0,0,0,0,0,0
112,1014,義守大學,碩士,馬來西亞,1,0,1,0,0,0
112,1014,義守大學,學士,印尼,14,21,8,27,1,1
112,1014,義守大學,學士,日本,1,0,1,0,0,0
112,1014,義守大學,學士,南韓,3,1,0,4,0,0
112,1014,義守大學,學士,馬來西亞,30,20,6,44,2,7
112,1014,義守大學,學士,新加坡,1,0,1,0,0,0
112,1014,義守大學,學士,越南,0,1,0,1,0,0
112,1014,義守大學,學士,加拿大,1,0,0,1,0,0
112,1014,義守大學,學士,巴拿馬,0,1,1,0,0,0
112,1014,義守大學,學士,美國,1,0,0,1,0,0
112,1015,世新大學,碩士,馬來西亞,2,1,0,3,0,0
112,1015,世新大學,學士,緬甸,1,1,0,2,0,1
112,1015,世新大學,學士,印尼,1,5,0,6,1,0
112,1015,世新大學,學士,日本,0,1,1,0,1,0
112,1015,世新大學,學士,馬來西亞,36,68,29,75,10,19
112,1015,世新大學,學士,新加坡,1,0,1,0,0,0
112,1015,世新大學,學士,泰國,0,1,1,0,0,0
112,1015,世新大學,學士,越南,0,2,1,1,1,0
112,1015,世新大學,學士,巴西,0,1,0,1,0,0
112,1016,銘傳大學,碩士,印尼,1,1,2,0,0,0
112,1016,銘傳大學,碩士,馬來西亞,3,5,3,5,0,2
112,1016,銘傳大學,學士,緬甸,2,1,2,1,0,0
112,1016,銘傳大學,學士,印尼,34,60,32,62,1,6
112,1016,銘傳大學,學士,日本,0,1,0,1,0,0
112,1016,銘傳大學,學士,南韓,0,1,0,1,0,0
112,1016,銘傳大學,學士,馬來西亞,96,165,64,197,7,27
112,1016,銘傳大學,學士,菲律賓,0,0,0,0,1,1
112,1016,銘傳大學,學士,新加坡,0,1,0,1,0,0
112,1016,銘傳大學,學士,泰國,5,2,2,5,0,1
112,1016,銘傳大學,學士,越南,7,9,8,8,2,1
112,1016,銘傳大學,學士,馬達加斯加,0,0,0,0,1,0
112,1016,銘傳大學,學士,尼加拉瓜,0,0,0,0,0,1
112,1016,銘傳大學,學士,美國,2,0,1,1,0,0
112,1016,銘傳大學,學士,巴西,0,1,1,0,0,0
112,1017,實踐大學,碩士,馬來西亞,1,1,0,2,0,0
112,1017,實踐大學,碩士,加拿大,2,0,1,1,0,0
112,1017,實踐大學,學士,緬甸,3,4,4,3,0,0
112,1017,實踐大學,學士,印尼,16,42,23,35,0,9
112,1017,實踐大學,學士,日本,1,0,1,0,0,0
112,1017,實踐大學,學士,南韓,3,0,0,3,0,0
112,1017,實踐大學,學士,馬來西亞,25,45,19,51,3,10
112,1017,實踐大學,學士,越南,1,3,0,4,0,0
112,1017,實踐大學,學士,阿根廷,0,1,0,1,0,0
112,1018,朝陽科技大學,碩士,緬甸,1,0,1,0,0,0
112,1018,朝陽科技大學,學士,緬甸,0,0,0,0,1,0
112,1018,朝陽科技大學,學士,印尼,12,24,3,33,0,0
112,1018,朝陽科技大學,學士,日本,0,0,0,0,0,1
112,1018,朝陽科技大學,學士,馬來西亞,13,14,3,24,2,1
112,1018,朝陽科技大學,學士,泰國,0,1,1,0,0,0
112,1018,朝陽科技大學,學士,奈及利亞,1,0,0,1,0,0
112,1018,朝陽科技大學,學士,加拿大,1,0,0,1,0,0
112,1019,高雄醫學大學,博士,馬來西亞,2,1,2,1,0,1
112,1019,高雄醫學大學,博士,加拿大,1,0,0,1,0,0
112,1019,高雄醫學大學,碩士,馬來西亞,1,3,2,2,2,0
112,1019,高雄醫學大學,碩士,南非,1,0,0,1,0,0
112,1019,高雄醫學大學,學士,緬甸,0,6,3,3,0,0
112,1019,高雄醫學大學,學士,印尼,1,7,2,6,0,1
112,1019,高雄醫學大學,學士,南韓,2,3,1,4,0,1
112,1019,高雄醫學大學,學士,馬來西亞,23,51,7,67,3,9
112,1019,高雄醫學大學,學士,新加坡,2,2,0,4,1,0
112,1019,高雄醫學大學,學士,泰國,1,0,0,1,0,0
112,1019,高雄醫學大學,學士,越南,0,1,1,0,0,0
112,1019,高雄醫學大學,學士,南非,0,1,0,1,0,0
112,1019,高雄醫學大學,學士,加拿大,7,3,2,8,1,1
112,1019,高雄醫學大學,學士,哥斯大黎加,1,0,0,1,0,0
112,1019,高雄醫學大學,學士,美國,1,2,0,3,0,0
112,1019,高雄醫學大學,學士,阿根廷,0,1,0,1,0,0
112,1020,南華大學,碩士,馬來西亞,4,3,7,0,0,0
112,1020,南華大學,學士,印尼,1,1,1,1,0,0
112,1020,南華大學,學士,馬來西亞,10,10,14,6,5,5
112,1020,南華大學,學士,越南,1,0,1,0,0,0
112,1021,真理大學,碩士,馬來西亞,1,0,1,0,0,0
112,1021,真理大學,碩士,越南,0,2,1,1,0,0
112,1021,真理大學,學士,印尼,11,6,16,1,0,0
112,1021,真理大學,學士,日本,0,0,0,0,0,1
112,1021,真理大學,學士,馬來西亞,45,32,5,72,4,3
112,1021,真理大學,學士,越南,0,1,1,0,1,1
112,1021,真理大學,學士,南非,0,1,1,0,0,0
112,1022,大同大學,學士,緬甸,0,0,0,0,1,0
112,1022,大同大學,學士,印尼,1,3,1,3,0,0
112,1022,大同大學,學士,馬來西亞,2,2,1,3,0,0
112,1022,大同大學,學士,菲律賓,0,0,0,0,1,0
112,1022,大同大學,學士,越南,1,0,0,1,0,0
112,1022,大同大學,學士,加拿大,0,1,0,1,0,0
112,1023,南臺科技大學,碩士,馬來西亞,0,3,0,3,0,0
112,1023,南臺科技大學,碩士,越南,1,0,1,0,0,0
112,1023,南臺科技大學,碩士,巴西,1,0,1,0,0,0
112,1023,南臺科技大學,學士,印尼,4,6,2,8,0,0
112,1023,南臺科技大學,學士,馬來西亞,19,7,6,20,2,2
112,1023,南臺科技大學,學士,越南,0,2,0,2,0,2
112,1023,南臺科技大學,學士,葡萄牙,1,0,0,1,0,0
112,1023,南臺科技大學,學士,加拿大,1,0,0,1,0,0
112,1023,南臺科技大學,學士,薩爾瓦多,0,1,0,1,0,0
112,1023,南臺科技大學,學士,美國,2,0,0,2,0,0
112,1023,南臺科技大學,學士,巴西,0,0,0,0,1,0
112,1024,崑山科技大學,碩士,印尼,0,0,0,0,1,0
112,1024,崑山科技大學,碩士,泰國,1,0,0,1,0,0
112,1024,崑山科技大學,碩士,越南,1,2,0,3,0,0
112,1024,崑山科技大學,學士,緬甸,2,0,1,1,0,0
112,1024,崑山科技大學,學士,柬埔寨,1,2,3,0,0,0
112,1024,崑山科技大學,學士,印尼,111,86,74,123,0,0
112,1024,崑山科技大學,學士,南韓,0,0,0,0,1,0
112,1024,崑山科技大學,學士,馬來西亞,17,12,7,22,0,0
112,1024,崑山科技大學,學士,菲律賓,8,18,24,2,0,0
112,1024,崑山科技大學,學士,越南,39,46,24,61,1,0
112,1024,崑山科技大學,學士,委內瑞拉,0,1,1,0,0,0
112,1025,嘉南藥理大學,碩士,馬來西亞,0,0,0,0,1,0
112,1025,嘉南藥理大學,學士,柬埔寨,0,0,0,0,1,0
112,1025,嘉南藥理大學,學士,印尼,2,0,0,2,1,0
112,1025,嘉南藥理大學,學士,南韓,0,0,0,0,1,0
112,1025,嘉南藥理大學,學士,馬來西亞,4,3,1,6,0,0
112,1025,嘉南藥理大學,學士,美國,2,0,0,2,0,0
112,1025,嘉南藥理大學,學士,巴西,1,0,0,1,0,1
112,1026,樹德科技大學,碩士,馬來西亞,0,1,0,1,1,0
112,1026,樹德科技大學,學士,緬甸,6,16,4,18,0,0
112,1026,樹德科技大學,學士,柬埔寨,1,0,1,0,0,0
112,1026,樹德科技大學,學士,印尼,55,106,57,104,1,0
112,1026,樹德科技大學,學士,日本,1,0,0,1,0,0
112,1026,樹德科技大學,學士,馬來西亞,60,42,18,84,6,14
112,1026,樹德科技大學,學士,越南,28,49,39,38,0,0
112,1027,慈濟大學,博士,馬來西亞,1,0,0,1,0,0
112,1027,慈濟大學,碩士,馬來西亞,1,2,2,1,0,0
112,1027,慈濟大學,碩士,加拿大,0,1,0,1,0,0
112,1027,慈濟大學,碩士,美國,1,0,0,1,0,0
112,1027,慈濟大學,學士,緬甸,1,0,1,0,0,0
112,1027,慈濟大學,學士,印尼,3,4,1,6,0,1
112,1027,慈濟大學,學士,馬來西亞,8,19,16,11,3,6
112,1027,慈濟大學,學士,新加坡,0,1,0,1,0,0
112,1027,慈濟大學,學士,泰國,1,1,1,1,0,0
112,1027,慈濟大學,學士,越南,1,0,0,1,0,0
112,1027,慈濟大學,學士,加拿大,0,1,0,1,0,0
112,1028,臺北醫學大學,博士,馬來西亞,2,2,0,4,1,0
112,1028,臺北醫學大學,碩士,馬來西亞,2,1,0,3,0,1
112,1028,臺北醫學大學,碩士,美國,1,0,1,0,0,1
112,1028,臺北醫學大學,學士,緬甸,2,3,2,3,0,0
112,1028,臺北醫學大學,學士,柬埔寨,1,0,0,1,0,0
112,1028,臺北醫學大學,學士,印尼,2,6,0,8,0,4
112,1028,臺北醫學大學,學士,南韓,4,5,0,9,0,1
112,1028,臺北醫學大學,學士,馬來西亞,22,62,19,65,6,14
112,1028,臺北醫學大學,學士,新加坡,0,1,0,1,1,3
112,1028,臺北醫學大學,學士,泰國,1,1,1,1,0,1
112,1028,臺北醫學大學,學士,越南,2,4,2,4,1,0
112,1028,臺北醫學大學,學士,加拿大,5,5,0,10,2,1
112,1028,臺北醫學大學,學士,美國,3,4,1,6,1,0
112,1029,中山醫學大學,博士,馬來西亞,1,0,0,1,0,0
112,1029,中山醫學大學,博士,加拿大,1,0,0,1,0,0
112,1029,中山醫學大學,碩士,馬來西亞,2,4,2,4,0,0
112,1029,中山醫學大學,碩士,美國,0,1,0,1,0,0
112,1029,中山醫學大學,學士,緬甸,0,1,0,1,0,1
112,1029,中山醫學大學,學士,印尼,2,9,2,9,1,0
112,1029,中山醫學大學,學士,日本,1,1,1,1,0,0
112,1029,中山醫學大學,學士,南韓,1,1,1,1,1,0
112,1029,中山醫學大學,學士,馬來西亞,19,33,10,42,2,8
112,1029,中山醫學大學,學士,菲律賓,0,1,0,1,0,0
112,1029,中山醫學大學,學士,新加坡,0,2,0,2,0,1
112,1029,中山醫學大學,學士,越南,0,1,0,1,0,0
112,1029,中山醫學大學,學士,史瓦帝尼王國,0,1,0,1,0,0
112,1029,中山醫學大學,學士,葡萄牙,1,1,0,2,0,0
112,1029,中山醫學大學,學士,英國,1,0,0,1,0,0
112,1029,中山醫學大學,學士,加拿大,5,3,1,7,0,0
112,1029,中山醫學大學,學士,美國,1,3,1,3,0,0
112,1029,中山醫學大學,學士,巴拉圭,0,0,0,0,0,1
112,1030,龍華科技大學,學士,緬甸,8,2,0,10,0,2
112,1030,龍華科技大學,學士,柬埔寨,12,5,12,5,0,0
112,1030,龍華科技大學,學士,印尼,74,36,18,92,1,1
112,1030,龍華科技大學,學士,馬來西亞,38,6,8,36,0,0
112,1030,龍華科技大學,學士,菲律賓,4,2,5,1,0,0
112,1030,龍華科技大學,學士,新加坡,1,0,1,0,0,0
112,1030,龍華科技大學,學士,泰國,19,13,29,3,0,0
112,1030,龍華科技大學,學士,越南,331,211,125,417,7,16
112,1031,輔英科技大學,碩士,越南,0,1,1,0,0,0
112,1031,輔英科技大學,學士,緬甸,3,4,2,5,0,0
112,1031,輔英科技大學,學士,柬埔寨,0,1,1,0,0,0
112,1031,輔英科技大學,學士,印尼,18,33,18,33,0,0
112,1031,輔英科技大學,學士,馬來西亞,11,16,8,19,1,2
112,1031,輔英科技大學,學士,泰國,1,4,3,2,0,0
112,1031,輔英科技大學,學士,越南,15,40,16,39,1,8
112,1031,輔英科技大學,學士,美國,1,0,0,1,0,0
112,1032,明新科技大學,碩士,馬來西亞,0,1,1,0,0,0
112,1032,明新科技大學,學士,緬甸,12,21,3,30,0,0
112,1032,明新科技大學,學士,柬埔寨,2,3,0,5,0,0
112,1032,明新科技大學,學士,印尼,17,11,26,2,0,0
112,1032,明新科技大學,學士,馬來西亞,26,5,26,5,0,1
112,1032,明新科技大學,學士,菲律賓,5,2,7,0,0,0
112,1032,明新科技大學,學士,泰國,6,3,9,0,0,0
112,1032,明新科技大學,學士,越南,28,21,46,3,1,0
112,1033,長榮大學,碩士,印尼,0,2,1,1,0,0
112,1033,長榮大學,碩士,馬來西亞,3,0,0,3,0,0
112,1033,長榮大學,學士,印尼,5,3,2,6,2,2
112,1033,長榮大學,學士,日本,1,0,0,1,0,0
112,1033,長榮大學,學士,馬來西亞,40,22,7,55,9,15
112,1033,長榮大學,學士,紐西蘭,0,1,1,0,0,0
112,1034,弘光科技大學,碩士,馬來西亞,1,0,0,1,0,0
112,1034,弘光科技大學,學士,緬甸,0,2,1,1,0,0
112,1034,弘光科技大學,學士,印尼,8,22,18,12,0,3
112,1034,弘光科技大學,學士,馬來西亞,119,91,34,176,23,23
112,1034,弘光科技大學,學士,菲律賓,2,2,4,0,0,0
112,1034,弘光科技大學,學士,泰國,2,4,2,4,0,0
112,1034,弘光科技大學,學士,越南,2,8,9,1,0,0
112,1034,弘光科技大學,學士,汶萊,1,1,0,2,1,0
112,1034,弘光科技大學,學士,紐西蘭,1,0,1,0,0,0
112,1035,中國醫藥大學,博士,印尼,0,0,0,0,1,0
112,1035,中國醫藥大學,博士,馬來西亞,2,1,0,3,0,0
112,1035,中國醫藥大學,碩士,緬甸,1,0,0,1,0,0
112,1035,中國醫藥大學,碩士,印尼,0,0,0,0,0,1
112,1035,中國醫藥大學,碩士,馬來西亞,1,1,1,1,1,2
112,1035,中國醫藥大學,碩士,加拿大,3,0,0,3,0,0
112,1035,中國醫藥大學,學士,緬甸,3,9,6,6,0,1
112,1035,中國醫藥大學,學士,印尼,4,7,2,9,0,0
112,1035,中國醫藥大學,學士,日本,0,1,0,1,0,0
112,1035,中國醫藥大學,學士,約旦,0,1,1,0,0,0
112,1035,中國醫藥大學,學士,南韓,7,9,3,13,0,2
112,1035,中國醫藥大學,學士,馬來西亞,35,66,17,84,4,10
112,1035,中國醫藥大學,學士,菲律賓,1,2,2,1,0,0
112,1035,中國醫藥大學,學士,新加坡,4,7,1,10,0,0
112,1035,中國醫藥大學,學士,泰國,1,2,2,1,0,0
112,1035,中國醫藥大學,學士,越南,1,2,1,2,0,1
112,1035,中國醫藥大學,學士,紐西蘭,0,1,0,1,0,1
112,1035,中國醫藥大學,學士,西班牙,0,1,1,0,0,0
112,1035,中國醫藥大學,學士,加拿大,5,7,0,12,1,2
112,1035,中國醫藥大學,學士,美國,6,7,1,12,2,1
112,1035,中國醫藥大學,學士,巴西,0,1,0,1,0,0
112,1035,中國醫藥大學,學士,厄瓜多,0,1,1,0,0,0
112,1035,中國醫藥大學,學士,巴拉圭,1,0,0,1,0,0
112,1036,健行科技大學,碩士,越南,0,1,0,1,0,0
112,1036,健行科技大學,學士,緬甸,1,0,0,1,0,0
112,1036,健行科技大學,學士,印尼,18,15,15,18,1,2
112,1036,健行科技大學,學士,馬來西亞,7,1,1,7,0,0
112,1036,健行科技大學,學士,越南,30,33,13,50,0,0
112,1037,正修科技大學,碩士,印度,0,1,1,0,0,0
112,1037,正修科技大學,碩士,印尼,0,2,2,0,0,0
112,1037,正修科技大學,碩士,馬來西亞,0,1,0,1,0,0
112,1037,正修科技大學,碩士,越南,1,0,0,1,0,0
112,1037,正修科技大學,學士,緬甸,13,9,7,15,0,1
112,1037,正修科技大學,學士,柬埔寨,7,5,2,10,0,0
112,1037,正修科技大學,學士,印尼,226,154,131,249,27,10
112,1037,正修科技大學,學士,馬來西亞,53,8,12,49,4,2
112,1037,正修科技大學,學士,泰國,12,34,27,19,1,0
112,1037,正修科技大學,學士,越南,248,226,122,352,14,39
112,1038,萬能科技大學,碩士,印尼,0,1,0,1,0,0
112,1038,萬能科技大學,學士,緬甸,5,2,1,6,0,0
112,1038,萬能科技大學,學士,印尼,24,28,17,35,1,1
112,1038,萬能科技大學,學士,馬來西亞,11,5,0,16,0,0
112,1038,萬能科技大學,學士,泰國,6,1,2,5,0,0
112,1038,萬能科技大學,學士,越南,49,70,19,100,0,0
112,1039,玄奘大學,碩士,馬來西亞,0,1,0,1,0,0
112,1039,玄奘大學,學士,緬甸,0,2,2,0,0,0
112,1039,玄奘大學,學士,印尼,1,0,1,0,0,0
112,1039,玄奘大學,學士,馬來西亞,18,17,6,29,2,4
112,1040,建國科技大學,學士,緬甸,1,0,0,1,0,0
112,1040,建國科技大學,學士,印尼,4,1,0,5,0,0
112,1040,建國科技大學,學士,寮國,1,0,0,1,0,0
112,1040,建國科技大學,學士,馬來西亞,4,0,0,4,0,0
112,1040,建國科技大學,學士,菲律賓,1,1,0,2,0,0
112,1041,明志科技大學,碩士,印尼,0,0,0,0,0,1
112,1041,明志科技大學,碩士,馬來西亞,0,1,0,1,0,0
112,1041,明志科技大學,碩士,加拿大,0,0,0,0,0,1
112,1041,明志科技大學,學士,印尼,0,1,0,1,0,0
112,1041,明志科技大學,學士,馬來西亞,6,3,1,8,0,0
112,1041,明志科技大學,學士,越南,1,0,0,1,0,0
112,1042,高苑科技大學,碩士,印尼,0,1,0,1,1,0
112,1042,高苑科技大學,碩士,越南,0,1,0,1,0,1
112,1042,高苑科技大學,學士,印尼,24,30,0,54,3,3
112,1042,高苑科技大學,學士,越南,2,3,0,5,0,2
112,1043,大仁科技大學,碩士,馬來西亞,1,0,1,0,0,0
112,1043,大仁科技大學,學士,緬甸,0,1,0,1,0,0
112,1043,大仁科技大學,學士,印尼,1,3,0,4,0,0
112,1043,大仁科技大學,學士,日本,0,1,0,1,0,0
112,1043,大仁科技大學,學士,馬來西亞,13,8,1,20,1,4
112,1043,大仁科技大學,學士,泰國,1,0,1,0,0,0
112,1043,大仁科技大學,學士,越南,12,12,0,24,1,4
112,1044,聖約翰科技大學,學士,馬來西亞,8,9,0,17,0,0
112,1044,聖約翰科技大學,學士,泰國,1,0,0,1,0,0
112,1045,嶺東科技大學,學士,印尼,1,3,1,3,0,0
112,1045,嶺東科技大學,學士,馬來西亞,6,14,6,14,1,2
112,1045,嶺東科技大學,學士,泰國,0,2,0,2,0,0
112,1046,中國科技大學,碩士,馬來西亞,2,0,1,1,0,0
112,1046,中國科技大學,學士,緬甸,1,1,0,2,0,0
112,1046,中國科技大學,學士,印尼,1,2,0,3,1,0
112,1046,中國科技大學,學士,馬來西亞,11,6,1,16,3,1
112,1046,中國科技大學,學士,菲律賓,0,0,0,0,1,0
112,1046,中國科技大學,學士,越南,1,2,1,2,0,2
112,1047,中臺科技大學,碩士,馬來西亞,0,1,0,1,0,0
112,1047,中臺科技大學,學士,印尼,11,5,3,13,0,0
112,1047,中臺科技大學,學士,馬來西亞,3,5,2,6,1,0
112,1047,中臺科技大學,學士,越南,17,17,6,28,0,0
112,1048,亞洲大學,碩士,馬來西亞,0,2,0,2,1,0
112,1048,亞洲大學,學士,印尼,4,8,5,7,0,0
112,1048,亞洲大學,學士,日本,0,1,0,1,0,0
112,1048,亞洲大學,學士,馬來西亞,8,9,5,12,0,1
112,1048,亞洲大學,學士,越南,0,1,0,1,0,0
112,1049,開南大學,碩士,越南,1,0,1,0,0,0
112,1049,開南大學,學士,印尼,1,0,1,0,0,1
112,1049,開南大學,學士,馬來西亞,3,1,0,4,0,0
112,1049,開南大學,學士,泰國,0,1,0,1,0,0
112,1049,開南大學,學士,越南,5,15,3,17,2,2
112,1050,佛光大學,碩士,印尼,1,1,1,1,0,0
112,1050,佛光大學,碩士,日本,0,1,0,1,0,0
112,1050,佛光大學,碩士,馬來西亞,2,1,1,2,0,2
112,1050,佛光大學,碩士,阿根廷,0,1,0,1,0,0
112,1050,佛光大學,學士,緬甸,1,1,0,2,0,0
112,1050,佛光大學,學士,印尼,1,6,3,4,2,1
112,1050,佛光大學,學士,日本,1,1,0,2,0,0
112,1050,佛光大學,學士,馬來西亞,26,17,7,36,7,9
112,1050,佛光大學,學士,美國,0,0,0,0,1,0
112,1050,佛光大學,學士,阿根廷,1,1,0,2,0,0
112,1051,台南應用科技大學,學士,印尼,0,1,0,1,0,0
112,1051,台南應用科技大學,學士,日本,1,1,0,2,0,0
112,1051,台南應用科技大學,學士,馬來西亞,6,5,2,9,1,2
112,1052,遠東科技大學,碩士,緬甸,0,1,0,1,0,0
112,1052,遠東科技大學,學士,印尼,11,7,0,18,2,0
112,1052,遠東科技大學,學士,越南,0,0,0,0,0,2
112,1053,元培醫事科技大學,學士,印尼,13,11,24,0,0,0
112,1053,元培醫事科技大學,學士,馬來西亞,2,4,4,2,0,0
112,1053,元培醫事科技大學,學士,越南,2,3,5,0,0,0
112,1054,景文科技大學,學士,緬甸,2,1,1,2,0,1
112,1054,景文科技大學,學士,印尼,2,2,2,2,0,1
112,1054,景文科技大學,學士,南韓,1,1,0,2,0,0
112,1054,景文科技大學,學士,馬來西亞,19,15,8,26,3,9
112,1054,景文科技大學,學士,泰國,0,1,0,1,0,0
112,1054,景文科技大學,學士,越南,9,18,3,24,0,0
112,1055,中華醫事科技大學,學士,馬來西亞,2,2,2,2,0,2
112,1055,中華醫事科技大學,學士,越南,0,1,0,1,0,0
112,1056,東南科技大學,碩士,越南,1,0,0,1,0,0
112,1056,東南科技大學,學士,緬甸,32,32,20,44,0,0
112,1056,東南科技大學,學士,印尼,15,17,3,29,3,3
112,1056,東南科技大學,學士,日本,1,0,0,1,0,0
112,1056,東南科技大學,學士,馬來西亞,30,28,2,56,9,4
112,1056,東南科技大學,學士,菲律賓,3,2,0,5,0,0
112,1056,東南科技大學,學士,越南,97,143,57,183,1,1
112,1057,德明財經科技大學,學士,緬甸,1,0,0,1,0,0
112,1057,德明財經科技大學,學士,印尼,0,2,0,2,0,1
112,1057,德明財經科技大學,學士,馬來西亞,1,0,1,0,0,0
112,1057,德明財經科技大學,學士,越南,4,5,2,7,0,0
112,1058,明道大學,碩士,越南,0,0,0,0,0,1
112,1058,明道大學,學士,印尼,4,8,0,12,4,8
112,1058,明道大學,學士,馬來西亞,1,1,0,2,3,3
112,1058,明道大學,學士,越南,0,1,0,1,0,0
112,1060,南開科技大學,碩士,馬來西亞,3,0,2,1,0,0
112,1060,南開科技大學,碩士,菲律賓,1,0,1,0,0,0
112,1060,南開科技大學,學士,印尼,20,0,3,17,0,0
112,1060,南開科技大學,學士,馬來西亞,44,11,8,47,11,1
112,1060,南開科技大學,學士,越南,3,1,2,2,0,0
112,1061,中華科技大學,碩士,印尼,1,0,0,1,0,0
112,1061,中華科技大學,碩士,馬來西亞,0,0,0,0,1,0
112,1061,中華科技大學,學士,緬甸,0,1,0,1,0,0
112,1061,中華科技大學,學士,印尼,1,0,0,1,0,0
112,1061,中華科技大學,學士,馬來西亞,2,0,0,2,0,0
112,1061,中華科技大學,學士,越南,7,5,3,9,0,0
112,1061,中華科技大學,學士,美國,0,0,0,0,1,0
112,1062,僑光科技大學,學士,印尼,25,20,44,1,0,0
112,1062,僑光科技大學,學士,馬來西亞,5,5,5,5,0,0
112,1062,僑光科技大學,學士,泰國,0,6,6,0,0,0
112,1062,僑光科技大學,學士,越南,3,6,8,1,0,0
112,1062,僑光科技大學,學士,比利時,0,1,0,1,0,0
112,1063,育達科技大學,碩士,緬甸,0,1,0,1,0,0
112,1063,育達科技大學,碩士,馬來西亞,0,0,0,0,1,0
112,1064,美和科技大學,碩士,馬來西亞,1,0,1,0,0,0
112,1065,吳鳳科技大學,學士,緬甸,0,1,1,0,0,1
112,1065,吳鳳科技大學,學士,印尼,2,3,1,4,0,0
112,1065,吳鳳科技大學,學士,馬來西亞,10,2,0,12,3,1
112,1065,吳鳳科技大學,學士,越南,117,88,50,155,16,20
112,1066,環球科技大學,學士,印尼,2,1,0,3,1,2
112,1066,環球科技大學,學士,馬來西亞,1,0,0,1,6,4
112,1066,環球科技大學,學士,越南,0,0,0,0,3,3
112,1067,台灣首府大學,碩士,馬來西亞,0,0,0,0,1,0
112,1067,台灣首府大學,學士,印尼,0,0,0,0,7,5
112,1067,台灣首府大學,學士,馬來西亞,0,0,0,0,1,1
112,1067,台灣首府大學,學士,越南,0,0,0,0,0,3
112,1069,修平科技大學,學士,緬甸,0,1,1,0,0,0
112,1069,修平科技大學,學士,柬埔寨,3,6,9,0,0,0
112,1069,修平科技大學,學士,印尼,10,6,12,4,0,0
112,1069,修平科技大學,學士,越南,14,12,26,0,0,0
112,1070,長庚科技大學,學士,緬甸,1,1,2,0,0,0
112,1070,長庚科技大學,學士,印尼,0,3,2,1,0,0
112,1070,長庚科技大學,學士,馬來西亞,1,4,2,3,0,0
112,1071,臺北城市科技大學,碩士,馬來西亞,1,0,0,1,0,0
112,1071,臺北城市科技大學,學士,緬甸,5,5,1,9,0,1
112,1071,臺北城市科技大學,學士,印尼,11,2,1,12,0,1
112,1071,臺北城市科技大學,學士,馬來西亞,14,11,6,19,1,2
112,1071,臺北城市科技大學,學士,菲律賓,2,0,0,2,0,0
112,1071,臺北城市科技大學,學士,泰國,1,1,0,2,0,0
112,1071,臺北城市科技大學,學士,越南,3,8,3,8,1,14
112,1071,臺北城市科技大學,學士,美國,1,0,0,1,0,0
112,1072,敏實科技大學,學士,馬來西亞,1,0,0,1,0,0
112,1073,醒吾科技大學,碩士,越南,0,0,0,0,1,0
112,1073,醒吾科技大學,學士,緬甸,5,2,1,6,0,0
112,1073,醒吾科技大學,學士,印尼,56,109,61,104,15,16
112,1073,醒吾科技大學,學士,馬來西亞,19,10,10,19,2,3
112,1073,醒吾科技大學,學士,越南,1,6,1,6,0,0
112,1073,醒吾科技大學,學士,尼加拉瓜,0,1,0,1,0,0
112,1075,文藻外語大學,碩士,印尼,0,2,0,2,0,0
112,1075,文藻外語大學,學士,緬甸,1,0,0,1,0,0
112,1075,文藻外語大學,學士,印尼,2,1,1,2,0,2
112,1075,文藻外語大學,學士,日本,1,2,0,3,0,1
112,1075,文藻外語大學,學士,馬來西亞,3,1,1,3,0,3
112,1075,文藻外語大學,學士,泰國,1,2,0,3,0,0
112,1075,文藻外語大學,學士,越南,0,3,0,3,0,1
112,1075,文藻外語大學,學士,法國,2,0,1,1,0,0
112,1075,文藻外語大學,學士,哥斯大黎加,0,1,1,0,0,0
112,1075,文藻外語大學,學士,阿根廷,1,3,0,4,0,0
112,1075,文藻外語大學,學士,巴西,2,0,0,2,0,0
112,1075,文藻外語大學,學士,巴拉圭,1,0,0,1,0,0
112,1075,文藻外語大學,學士,秘魯,0,0,0,0,0,1
112,1076,華夏科技大學,學士,緬甸,9,0,0,9,0,0
112,1076,華夏科技大學,學士,越南,2,0,0,2,0,0
112,1077,慈濟科技大學,碩士,馬來西亞,1,1,2,0,1,0
112,1077,慈濟科技大學,學士,印尼,0,1,0,1,0,0
112,1077,慈濟科技大學,學士,馬來西亞,6,10,2,14,5,3
112,1077,慈濟科技大學,學士,泰國,2,6,4,4,0,1
112,1078,致理科技大學,碩士,越南,1,1,2,0,0,0
112,1078,致理科技大學,學士,印尼,3,4,1,6,0,0
112,1078,致理科技大學,學士,馬來西亞,2,0,0,2,0,0
112,1078,致理科技大學,學士,泰國,0,2,0,2,0,1
112,1078,致理科技大學,學士,越南,2,0,2,0,0,0
112,1078,致理科技大學,學士,南非,1,0,0,1,0,0
112,1079,康寧大學,學士,馬來西亞,0,0,0,0,0,1
112,1080,宏國德霖科技大學,學士,緬甸,0,1,1,0,0,0
112,1080,宏國德霖科技大學,學士,印尼,2,3,2,3,0,1
112,1080,宏國德霖科技大學,學士,馬來西亞,13,11,5,19,1,1
112,1080,宏國德霖科技大學,學士,越南,1,0,0,1,0,0
112,1081,東方設計大學,學士,緬甸,1,0,0,1,0,0
112,1081,東方設計大學,學士,印尼,1,0,0,1,0,0
112,1082,崇右影藝科技大學,學士,馬來西亞,2,1,0,3,0,0
112,1083,台北海洋科技大學,學士,緬甸,0,1,1,0,0,1
112,1083,台北海洋科技大學,學士,印尼,5,2,0,7,0,0
112,1083,台北海洋科技大學,學士,馬來西亞,6,7,5,8,2,2
112,1083,台北海洋科技大學,學士,泰國,0,0,0,0,0,1
112,1084,亞東科技大學,學士,印尼,8,5,13,0,0,0
112,1084,亞東科技大學,學士,日本,0,1,1,0,0,0
112,1084,亞東科技大學,學士,馬來西亞,2,0,1,1,0,0
112,1084,亞東科技大學,學士,菲律賓,0,3,3,0,0,0
112,1084,亞東科技大學,學士,越南,25,19,42,2,0,0
112,1084,亞東科技大學,學士,巴西,1,0,1,0,0,0
112,1125,中信金融管理學院,學士,馬來西亞,1,0,1,0,0,0
112,1183,黎明技術學院,學士,緬甸,8,17,13,12,0,0
112,1183,黎明技術學院,學士,柬埔寨,1,1,2,0,0,0
112,1183,黎明技術學院,學士,印尼,7,13,19,1,0,0
112,1183,黎明技術學院,學士,馬來西亞,13,12,4,21,3,4
112,1183,黎明技術學院,學士,菲律賓,0,2,2,0,0,0
112,1183,黎明技術學院,學士,泰國,3,2,3,2,0,0
112,1183,黎明技術學院,學士,越南,65,68,82,51,0,0
112,1185,德育護理健康學院,學士,印尼,71,76,94,53,0,0
112,1185,德育護理健康學院,學士,馬來西亞,2,0,0,2,2,0
112,1195,馬偕醫學院,碩士,緬甸,0,1,1,0,0,0
112,1195,馬偕醫學院,學士,南韓,1,0,0,1,0,1
112,1195,馬偕醫學院,學士,馬來西亞,0,1,1,0,0,0
112,1195,馬偕醫學院,學士,加拿大,0,1,0,1,0,0
112,1196,法鼓文理學院,博士,厄瓜多,0,1,0,1,0,0
112,1196,法鼓文理學院,碩士,馬來西亞,0,2,0,2,0,0
112,1196,法鼓文理學院,碩士,美國,1,0,1,0,0,0
112,1282,馬偕醫護管理專科學校,學士,緬甸,0,1,1,0,0,0
112,1289,育英醫護管理專科學校,學士,日本,0,0,0,0,0,1
112,1R02,基督教台灣浸會神學院,碩士,緬甸,0,1,0,1,0,0
112,1R03,臺北基督學院,學士,馬來西亞,0,1,0,1,0,0
112,1R06,一貫道崇德學院,碩士,美國,0,1,0,1,0,0
112,3002,臺北市立大學,碩士,緬甸,0,1,0,1,0,0
112,3002,臺北市立大學,碩士,馬來西亞,7,8,6,9,2,1
112,3002,臺北市立大學,碩士,越南,0,1,0,1,0,0
112,3002,臺北市立大學,碩士,南非,0,0,0,0,0,1
112,3002,臺北市立大學,碩士,義大利,0,1,0,1,0,0
112,3002,臺北市立大學,學士,緬甸,4,4,6,2,1,3
112,3002,臺北市立大學,學士,印尼,1,3,0,4,0,0
112,3002,臺北市立大學,學士,日本,1,1,0,2,0,0
112,3002,臺北市立大學,學士,馬來西亞,12,20,3,29,3,4
112,3002,臺北市立大學,學士,泰國,0,2,0,2,0,0
112,3002,臺北市立大學,學士,越南,1,2,1,2,2,0
112,3002,臺北市立大學,學士,模里西斯,1,0,0,1,0,0
112,3002,臺北市立大學,學士,南非,1,0,1,0,0,0
112,3002,臺北市立大學,學士,英國,1,0,0,1,0,0
112,3002,臺北市立大學,學士,美國,1,1,1,1,0,0
112,3002,臺北市立大學,學士,厄瓜多,0,1,0,1,0,0
